length,descriptor,generated_count,real_count,generated_mean,real_mean,generated_std,real_std,generated_q05,generated_q50,generated_q95,real_q05,real_q50,real_q95,generated_mean_ci_low,generated_mean_ci_high,real_mean_ci_low,real_mean_ci_high,wasserstein_distance,ks_statistic,warning
64,adjacent_residue_distance_mean,100,64,3.593135015964508,3.8058676517299768,0.1764313978978738,0.015764586986927846,3.2994714339574176,3.610250722794306,3.892672864217607,3.785896516792358,3.804687511353266,3.826935275981987,3.558512894571773,3.6299971095247874,3.802144830611166,3.8099922228701977,0.2246180002338499,0.84,
64,contact_fraction_6A,100,64,0.08967261904761907,0.08172531648582887,0.019677721284414258,0.010750674956240084,0.05151289682539682,0.09126984126984126,0.11956845238095239,0.06832745492432826,0.08035714285714286,0.09749503968253967,0.08623189484126983,0.0935763888888889,0.0796742325525227,0.0840410557792092,0.01131807493801809,0.334375,
64,contact_fraction_8A,100,64,0.13491071428571427,0.12759754739057397,0.016423367662738587,0.013908938730428247,0.11103670634920634,0.13095238095238096,0.16624503968253967,0.11184121685427212,0.12797619047619047,0.14771825396825394,0.13171552579365078,0.13802777777777778,0.12440192996122243,0.1303559802827381,0.007302706180945208,0.1875,
64,contact_fraction_10A,100,64,0.21682539682539684,0.20445408096282097,0.03144131410546093,0.03411646143345126,0.16666666666666666,0.21329365079365079,0.2728174603174603,0.16185515873015874,0.20064484126984128,0.25528273809523805,0.21056026785714285,0.22215302579365076,0.1952030242435516,0.2111775426168258,0.012481864711174599,0.18437499999999996,
64,long_range_contact_fraction,100,64,0.026711915535444945,0.02649028842306153,0.024373837976702277,0.021631682384201156,0.0,0.016591251885369532,0.0777526395173454,0.0,0.02601809954751131,0.06700603318250377,0.022983785822021117,0.03133578431372548,0.020654422105380613,0.03146298783936652,0.004633361596386809,0.14125,
64,distance_mean,100,64,17.159422521591186,19.30938883125782,2.611592154990256,6.276443424968835,14.543629169464111,16.55169105529785,22.125220394134516,13.72599892616272,17.8673152923584,32.599860763549806,16.663214288473128,17.652529148817063,17.793378518149257,21.102140688896178,2.740305128097534,0.255625,
64,distance_std,100,64,8.353365335464478,9.943225041031837,2.278200257088098,5.351163062788661,5.65766978263855,7.943403482437134,12.849063968658445,5.113312077522278,8.419881820678711,21.73182258605957,7.924119000077248,8.75014564681053,8.613417398557067,11.222089793160558,2.107870916886763,0.190625,
64,radius_of_gyration,100,64,13.405730510640689,15.285574710120578,2.3376493794247297,5.657373879234409,10.986276805658203,12.901648313673343,17.836390788974924,10.24543658856345,13.879532583169452,27.428795935749953,12.934191021357694,13.913683881445763,13.853204643006075,16.756384458888885,2.4099157941638523,0.22125,
64,triangle_violation_fraction,100,64,0.0043017578125,0.0,0.005976089758034223,0.0,0.0,0.00244140625,0.016186523437499996,0.0,0.0,0.0,0.00321240234375,0.005376953125,0.0,0.0,0.004301757812500002,0.9,
64,triangle_violation_mean,100,64,0.001250063645420596,0.0,0.0022788247600037627,0.0,0.0,0.0005608704523183405,0.004018989065662024,0.0,0.0,0.0,0.0008616519730421714,0.0017137704043707347,0.0,0.0,0.0012500636454205974,0.9,
64,negative_eigenvalue_mass_fraction,100,64,0.051912388495042594,2.643218055546833e-07,0.013576648485587546,1.985678744757789e-08,0.030076153643599092,0.05216687126296955,0.07474137880311563,2.374754571635971e-07,2.618579910339972e-07,3.0037383438157174e-07,0.04894716358883859,0.0545649083001938,2.5958316960084166e-07,2.6914029315926124e-07,0.051912124185541655,1.0,
64,rank3_residual_energy_fraction,100,64,0.07594390263208242,2.65188116826453e-07,0.02589172691591998,2.0086542903810197e-08,0.0452938302642619,0.0707390646746113,0.12296480764245553,2.3745605961984307e-07,2.6082696397281875e-07,3.0257082104713146e-07,0.07055188348536881,0.08063891923271654,2.606239893069714e-07,2.6940982372567183e-07,0.0759436374489146,1.0,
128,adjacent_residue_distance_mean,100,64,3.8711651595370977,3.8079062319236012,0.1305209949544097,0.01954219203493704,3.670393130065888,3.8630244253188604,4.10211160117247,3.789734401289872,3.8038721901225294,3.8570342069535744,3.8477731650481073,3.8970944809941797,3.8030993624106344,3.8134293426774204,0.10986350315335656,0.5275000000000001,
128,contact_fraction_6A,100,64,0.03948818897637795,0.04055425688976378,0.004985369816555681,0.004081797024902758,0.03001353346456693,0.03992372047244094,0.04570620078740157,0.03395054133858268,0.04084645669291338,0.04620447834645669,0.03856557578740158,0.04040858759842519,0.03957644485113189,0.04162929264579232,0.0012302031138153183,0.14437499999999998,
128,contact_fraction_8A,100,64,0.06749876968503936,0.07070850762795275,0.005786108736588369,0.006149400942715398,0.05989173228346457,0.06625246062992125,0.07718380905511811,0.06290600393700788,0.07166584645669291,0.07980437992125983,0.0664736405019685,0.06877116141732283,0.06922732375738189,0.07218329962782971,0.003816996241947031,0.349375,
128,contact_fraction_10A,100,64,0.11238681102362205,0.12108798289862205,0.014502282266763459,0.014430691450307632,0.09032357283464568,0.11202017716535433,0.13513779527559056,0.10185777559055118,0.12333907480314961,0.143380905511811,0.10944328248031497,0.11493368602362207,0.11717260165477363,0.12402612881397637,0.009550823192555473,0.31000000000000005,
128,long_range_contact_fraction,100,64,0.014083958020989506,0.02311188155922039,0.010702291872020837,0.009776619150095662,0.00267616191904048,0.010644677661169416,0.03569715142428786,0.006536731634182909,0.024737631184407798,0.039947526236881546,0.011894677661169415,0.016317503748125937,0.020904411075712143,0.02549486975262369,0.009020989505247377,0.43875,
128,distance_mean,100,64,20.83436080932617,21.455674678087234,3.9270910225419553,6.892073871010698,18.098537540435792,19.603288650512695,26.959757232666014,17.753096294403075,19.601468086242676,26.913500404357908,20.054744134426116,21.74025145101547,19.99360262528062,23.132292571663857,0.8327543917569264,0.11937500000000001,
128,distance_std,100,64,9.469767837524413,10.135987870395184,3.598894601250963,6.463817492764284,6.695285940170288,8.173639297485352,14.812896633148188,6.761196637153626,8.498729228973389,14.8120771408081,8.801833110809326,10.220530974268913,8.840554969385266,11.894254873320461,0.7897022893212068,0.09562499999999996,
128,radius_of_gyration,100,64,16.151886000751063,16.7715935658075,3.60838537958532,6.507554291880428,13.608132876183356,15.025376060331581,21.98323503045581,13.36771061602914,15.001993767227056,21.56710677439169,15.525052061125203,16.92317737604242,15.418059732019145,18.9082395594821,0.7823443825216083,0.13375,
128,triangle_violation_fraction,100,64,0.00119140625,0.0,0.0018247874515033421,0.0,0.0,0.0009765625,0.0029296875,0.0,0.0,0.0,0.0008541259765625,0.0015042724609375,0.0,0.0,0.0011914062500000002,0.71,
128,triangle_violation_mean,100,64,0.0006423064530827105,0.0,0.0011359953291948477,0.0,0.0,0.0001842443598434329,0.0026903357706032686,0.0,0.0,0.0,0.00047358869193703864,0.0008793450046505313,0.0,0.0,0.0006423064530827108,0.71,
128,negative_eigenvalue_mass_fraction,100,64,0.07454667442775097,3.746926033245365e-07,0.01430826749080478,2.4655144305394193e-08,0.053105266481717324,0.07578568274133365,0.09610881633046636,3.3777176323547026e-07,3.791544641463282e-07,4.147347752020004e-07,0.07152362377922487,0.07776324693006484,3.6834106840488713e-07,3.803389895403058e-07,0.07454629978090682,1.0,
128,rank3_residual_energy_fraction,100,64,0.12596693804363945,3.740689266142593e-07,0.026342866299263665,2.4389599740471653e-08,0.07791943535697989,0.1290750291152727,0.16630610385537148,3.358611324450715e-07,3.7928658358337795e-07,4.1319013977368427e-07,0.12062026898363651,0.13117374807993057,3.686349490498757e-07,3.805305201357227e-07,0.12596656401100575,1.0,
256,adjacent_residue_distance_mean,100,64,3.958885620079788,3.8133795570247377,0.10244864563219314,0.019271374038906677,3.811595743263469,3.9565493896895765,4.124793250140022,3.792968364772122,3.807699797200222,3.856009637374504,3.943197194443965,3.9783145579936456,3.808695381280209,3.8179959633645946,0.14651978316769315,0.79875,
256,contact_fraction_6A,100,64,0.018495098039215684,0.021859496095636526,0.0021829463575261305,0.0013212421917432424,0.01431985294117647,0.018887867647058822,0.021591605392156862,0.019505208333333333,0.021947496060347724,0.024025735294117646,0.018137752757352944,0.018975827205882353,0.02156931014902643,0.022149328496294755,0.0033627426886459915,0.72375,
256,contact_fraction_8A,100,64,0.03410416666666667,0.038203374772434504,0.0021404315078040114,0.002145739178585978,0.031328125,0.03368566176470588,0.038354779411764704,0.03500612745098039,0.03794424019607843,0.04147058823529411,0.03368013174019608,0.03449521292892156,0.037791105587680784,0.03876888791620979,0.00409568614835037,0.69625,
256,contact_fraction_10A,100,64,0.05942432598039215,0.06872679911550338,0.00566083937024704,0.005158591334005495,0.05048253676470588,0.05893075980392157,0.06926164215686274,0.06044577205882353,0.06878063725490197,0.07658904560330108,0.05838826593137255,0.060516605392156864,0.06753409823731146,0.06994006127433762,0.0093057716776819,0.715,
256,long_range_contact_fraction,100,64,0.006719287593604534,0.012285360485116793,0.003257115543047536,0.0036464664260611314,0.0023578223031774943,0.006223436551305404,0.012470485057006,0.0068880114203833925,0.012934320959857441,0.017638129933211892,0.00611354820211833,0.007382336571544222,0.011469201951194087,0.01320123482088404,0.005554424496243662,0.5875,
256,distance_mean,100,64,25.24803379058838,25.330715537071228,3.1570278434844163,3.478522792605752,22.219733333587648,24.4955472946167,30.927765369415283,22.308393669128417,24.406719207763672,33.126570510864255,24.698401950359347,25.83304358816147,24.50113959684968,26.228584671765567,0.5446225166320807,0.10562499999999997,
256,distance_std,100,64,10.836864056587219,11.056411653757095,3.286001393221683,2.9519549446384454,7.985839486122131,9.98794174194336,15.60687289237976,8.455014276504517,10.360180854797363,18.307933425903304,10.250739245057106,11.383701070666312,10.437182674184442,11.807438313961029,0.5413157172636555,0.1375,
256,radius_of_gyration,100,64,19.417740070345186,19.52311986695165,3.044524296287652,3.108461416535598,16.631132201123293,18.666770878011143,24.681480050355663,16.82940131827013,18.78176528736811,26.715569483279324,18.891016241961697,19.924249495099943,18.810352085975936,20.279037125507077,0.4922424957288471,0.10312500000000002,
256,triangle_violation_fraction,100,64,0.0012939453125,0.0,0.0015508215296052,0.0,0.0,0.0009765625,0.004907226562499999,0.0,0.0,0.0,0.0009910888671875,0.0015771484375,0.0,0.0,0.0012939453125000002,0.84,
256,triangle_violation_mean,100,64,0.0015594348637387157,0.0,0.002858732078308961,0.0,0.0,0.0005380427464842796,0.006629369501024484,0.0,0.0,0.0,0.0010562453625316266,0.002283053446095437,0.0,0.0,0.0015594348637387168,0.84,
256,negative_eigenvalue_mass_fraction,100,64,0.11132415233167085,5.451686573342051e-07,0.016919518452973233,2.5049969099126965e-08,0.08985677580103679,0.1110513924793168,0.13685638102612635,5.049465014017048e-07,5.443533773946592e-07,5.881265639853398e-07,0.10872593145198428,0.11460938573751482,5.383249298474017e-07,5.504095805280023e-07,0.11132360718581098,1.0,
256,rank3_residual_energy_fraction,100,64,0.1804781067148279,5.445978171339833e-07,0.0312966974259627,2.4997704517476874e-08,0.12568838505808816,0.18061317970421478,0.22749386394948554,5.043649974648685e-07,5.440510758235141e-07,5.869857471554998e-07,0.17440807432296027,0.18620655125610241,5.378661287176038e-07,5.506341654492812e-07,0.18047756215568417,1.0,
384,adjacent_residue_distance_mean,50,64,4.012914226148521,3.812486727918124,0.08182329568625164,0.017015275558226576,3.893603878513017,4.0056107458184345,4.160243243368114,3.7987824426850034,3.8075115820325873,3.853944215513645,3.9884116767865874,4.033264401244432,3.808344336466108,3.8168810081411553,0.20034642016729381,0.98,
384,contact_fraction_6A,50,64,0.012822835073977372,0.014402089497648434,0.0008068165688338286,0.0006752777692021823,0.011565083768494343,0.012823651000870323,0.014134573542210618,0.01332816072279998,0.014469103568320279,0.01523540842342572,0.012597822835073979,0.013052137728459529,0.014242989905350856,0.014582936680609957,0.0015795009015866428,0.78625,
384,contact_fraction_8A,50,64,0.023145670147954746,0.026366384340471886,0.0010799349225809722,0.0014870276055386695,0.021566987597911227,0.023083931679721496,0.024855172976501305,0.023495294821583985,0.026576001359635705,0.02838949630113142,0.022853697508703218,0.023444333387728458,0.02599800492142906,0.026711218098946887,0.0032277295878208627,0.84625,
384,contact_fraction_10A,50,64,0.040713392080069626,0.048451885180729494,0.0033676099617025138,0.0036877662142004116,0.03602249238468233,0.04036798302872063,0.04695999238468233,0.04150484116623151,0.048741845239690065,0.052483137510879026,0.03982512646866841,0.041626237489120976,0.04748815047540842,0.0491657940430218,0.007789062056864936,0.795,
384,long_range_contact_fraction,50,64,0.0037390951511462774,0.009470297364632788,0.001383807851582291,0.001973154811536119,0.002078804741616671,0.0033257977567168074,0.006423354490913833,0.005247369793930963,0.00941934528339479,0.012663832414288896,0.0033569109932469646,0.00410462133727502,0.008986960962464574,0.0099094872367628,0.0057356935701157255,0.890625,
384,distance_mean,50,64,28.0663623046875,28.83518871665001,2.519966757682886,4.943029561059675,25.329795265197752,27.376919746398926,33.78596210479736,25.50368461608887,27.475403785705566,34.01343193054199,27.301091948509217,28.77973639011383,27.73619815483689,30.240509367734195,0.8907829556200231,0.10812500000000003,
384,distance_std,50,64,11.67427614212036,12.453899309039116,2.172638565554859,4.199954128289179,9.428807878494263,11.440137386322021,16.571759128570555,9.704480171203613,11.286808013916016,16.863786268234247,11.078137676715851,12.198838828086853,11.664112630113959,13.596122842282057,0.8929814414845567,0.15437499999999998,
384,radius_of_gyration,50,64,21.478161412143074,22.20595246993414,2.2385367144881605,4.458511427891844,19.124276929107477,21.034326367870477,26.605024052634157,19.278582697813487,20.955288557052583,26.398919321935622,20.871120980298965,22.041843776725425,21.289423396818652,23.499694285676995,0.8473369978531504,0.11250000000000004,
384,triangle_violation_fraction,50,64,0.001611328125,0.0,0.0016464565722741568,0.0,0.0,0.0009765625,0.004931640624999997,0.0,0.0,0.0,0.00116162109375,0.0020615234375,0.0,0.0,0.0016021728515624996,0.92,
384,triangle_violation_mean,50,64,0.0026151190046221017,0.0,0.003144269949238583,0.0,0.0,0.001125191105529666,0.009360932663548736,0.0,0.0,0.0,0.0019410852551227434,0.003506707902764902,0.0,0.0,0.002604595828516822,0.92,
384,negative_eigenvalue_mass_fraction,50,64,0.1383303426153635,6.678092708056428e-07,0.01580219636214178,2.5619064305993693e-08,0.11301419412925298,0.14013956231824032,0.16226457161398952,6.188177125814547e-07,6.735952258876684e-07,7.026114958744325e-07,0.13371644931087523,0.14212610214111263,6.61728835036038e-07,6.745689424318504e-07,0.13833731142355715,1.0,
384,rank3_residual_energy_fraction,50,64,0.22325135927700807,6.67499776187561e-07,0.02758901215395096,2.5749898975318707e-08,0.1687596209236504,0.22770770301455673,0.2586927420224518,6.186357366231253e-07,6.736130425459649e-07,7.027799745991567e-07,0.21475555118029138,0.22932969539790793,6.612010502612195e-07,6.742978281298473e-07,0.22329090989356135,1.0,
500,adjacent_residue_distance_mean,25,64,4.024986123503568,3.8047874026710344,0.07938196827027781,0.010059207962136638,3.876194782104186,4.0471198472804675,4.127549539061491,3.7917048216829397,3.80313943839472,3.8238288328925396,3.998920835340668,4.060356363909038,3.802486178529365,3.8070925456019644,0.22080757709140758,1.0,
500,contact_fraction_6A,25,64,0.009862284569138277,0.011018913432254373,0.000507721676193468,0.0005457015016773831,0.00899879759519038,0.010092184368737475,0.01053947895791583,0.010149696217971679,0.01114966927665701,0.011644863980136474,0.00967184769539078,0.010035118236472948,0.010903362907728855,0.011156792200758183,0.001156987198835154,0.80375,
500,contact_fraction_8A,25,64,0.017839839679358715,0.020066266020048042,0.0007152353560975503,0.0008454218987756877,0.016809619238476955,0.017731462925851704,0.0190124248496994,0.018669880349180018,0.02008827156487311,0.021445171674700874,0.01755299398797595,0.018108296593186374,0.01985390570462978,0.020277585672003343,0.002232032075969409,0.86625,
500,contact_fraction_10A,25,64,0.031781322645290586,0.03687439698884092,0.0023680542043068367,0.0019272447589598204,0.028554709418837677,0.031326653306613224,0.03601923847695391,0.033336689960423514,0.037106371274452765,0.03992863653907744,0.03089257715430862,0.03263750701402805,0.03642496042433214,0.03731754896295968,0.00511729349614124,0.78625,
500,long_range_contact_fraction,25,64,0.002797320496852594,0.006804541214041011,0.0008937144870840241,0.0011870792846930909,0.0017571616117413404,0.002634059312619921,0.004700912242905709,0.005015860298536647,0.007165374456845872,0.008732082888676787,0.0024481940283434885,0.003184098024034739,0.006479065598500582,0.007092795431096311,0.0040188709595555365,0.9375,
500,distance_mean,25,64,30.056421585083008,32.19014257192612,2.4980611298919193,2.749159177110467,27.328184127807617,29.011798858642578,34.96754531860351,29.940709781646728,31.237980842590332,37.565291023254396,29.022684494018556,31.051458602905274,31.60344468951225,32.910390973836186,2.1771958810942516,0.6,
500,distance_std,25,64,12.437757301330567,14.110777169466019,2.4717253070511878,2.2856990155681793,10.11074104309082,11.266663551330566,17.00963096618652,12.193786525726319,13.355560779571533,17.518449687957762,11.578348795890808,13.384158264160156,13.542210922017693,14.819455454498529,1.7278349165405547,0.60875,
500,radius_of_gyration,25,64,22.995480454996112,24.836472778441596,2.314184219475711,2.43755529214618,20.583476581570583,21.985051268583504,27.468541956441232,22.846809943025807,23.986017108720127,29.817148102345715,22.077333752118868,23.943983033489783,24.242062879745706,25.50148286767851,1.885655289993914,0.6,
500,triangle_violation_fraction,25,64,0.00251953125,0.0,0.0013926205835918663,0.0,9.765625000000009e-05,0.0029296875,0.004785156249999999,0.0,0.0,0.0,0.00195263671875,0.0030078125,0.0,0.0,0.0025209699358258925,0.92,
500,triangle_violation_mean,25,64,0.004081004681065679,0.0,0.0028605221387267977,0.0,2.3278128355741522e-05,0.004085976630449295,0.008787349425256245,0.0,0.0,0.0,0.0027975084404461086,0.005202268539229408,0.0,0.0,0.004037142860137724,0.92,
500,negative_eigenvalue_mass_fraction,25,64,0.16265100072410094,7.276616916298953e-07,0.0184964127947345,2.686934295383569e-08,0.1278913991142722,0.16553007578017467,0.18674825276949444,6.967472670420792e-07,7.202127498337026e-07,7.85329151736604e-07,0.1553617710702746,0.16891779765807238,7.209898910475887e-07,7.345992030775504e-07,0.16280701934344605,1.0,
500,rank3_residual_energy_fraction,25,64,0.23920580760461146,7.27557352359152e-07,0.027599803971635258,2.689320150218562e-08,0.1947498487814087,0.23640062420210484,0.2827202535979747,6.965706004778244e-07,7.199281511832739e-07,7.861007153129587e-07,0.2291483461504122,0.24785581213365146,7.225222424421164e-07,7.341104667958396e-07,0.23938883313130777,1.0,
