length,descriptor,baseline_generated_mean,candidate_generated_mean,real_mean,baseline_abs_standardized_mean_discrepancy,candidate_abs_standardized_mean_discrepancy,mean_discrepancy_improvement,baseline_wasserstein_distance,candidate_wasserstein_distance,wasserstein_improvement,baseline_ks_statistic,candidate_ks_statistic,ks_improvement
64,adjacent_residue_distance_mean,3.2963043544973645,3.715684255702155,3.8058676517299768,0.5095632972326123,0.09018339602782177,0.4193799012047905,0.5094811846325696,0.1595673249170434,0.34991385971552624,1.0,0.664375,0.33562499999999995
64,contact_fraction_6A,0.0942609126984126,0.0887400793650793,0.0817253164858288,0.012535596212583794,0.0070147628792505,0.005520833333333294,0.0149503801328232,0.0097470071169502,0.005203373015873,0.45875,0.31625,0.14250000000000002
64,contact_fraction_8A,0.1484970238095238,0.1277430555555555,0.1275975473905739,0.020899476418949875,0.00014550816498160035,0.020753968253968275,0.0208525066617676,0.0033353710196319,0.0175171356421357,0.5025,0.165625,0.3368749999999999
64,contact_fraction_10A,0.2484474206349206,0.2013343253968254,0.2044540809628209,0.0439933396720997,0.0031197555659955023,0.0408735841061042,0.0439631958800057,0.0067219140773146,0.037241281802691095,0.53,0.175,0.35500000000000004
64,long_range_contact_fraction,0.0452790346907993,0.0188159879336349,0.0264902884230615,0.018788746267737803,0.007674300489426598,0.011114445778311204,0.0188795960342178,0.0075834507229465,0.011296145311271301,0.318125,0.285625,0.03249999999999997
64,distance_mean,14.926434230804444,18.702441101074218,19.30938883125782,4.382954600453376,0.6069477301836024,3.7760068702697733,4.35727805744518,1.313880356875333,3.043397700569847,0.4656249999999999,0.19125,0.2743749999999999
64,distance_std,6.6544953632354735,9.342193627357483,9.943225041031836,3.288729677796362,0.6010314136743524,2.6876982641220097,3.2685242635553533,0.9976114858280524,2.270912777727301,0.373125,0.161875,0.21125
64,radius_of_gyration,11.480885293508344,14.699479242130646,15.285574710120578,3.8046894166122343,0.5860954679899315,3.2185939486223027,3.780431428373912,1.163791615540711,2.616639812833201,0.4656249999999999,0.1856249999999999,0.28
64,triangle_violation_fraction,0.0094970703125,0.00310546875,0.0,0.0094970703125,0.00310546875,0.0063916015625,0.0094970703125,0.00310546875,0.0063916015625,0.91,0.8200000000000001,0.08999999999999997
64,triangle_violation_mean,0.0041001985722687,0.0008597733511123,0.0,0.0041001985722687,0.0008597733511123,0.0032404252211563995,0.0041001985722687,0.0008597733511123,0.0032404252211563995,0.91,0.8200000000000001,0.08999999999999997
64,negative_eigenvalue_mass_fraction,0.0699478558316086,0.0486933036786702,2.643218055546833e-07,0.06994759150980305,0.04869303935686464,0.021254552152938408,0.0699475915221077,0.0486930393691693,0.021254552152938394,1.0,1.0,0.0
64,rank3_residual_energy_fraction,0.0961428153214409,0.0789800227661137,2.65188116826453e-07,0.09614255013332407,0.07897975757799687,0.017162792555327197,0.0961425501382731,0.0789797575829459,0.017162792555327197,1.0,1.0,0.0
128,adjacent_residue_distance_mean,3.63401261468572,3.850812095638336,3.807906231923601,0.17389361723788088,0.04290586371473504,0.13098775352314584,0.1739581848812171,0.0989855358322433,0.07497264904897379,0.90875,0.465,0.4437499999999999
128,contact_fraction_6A,0.0369697342519685,0.0383083169291338,0.0405542568897637,0.0035845226377951983,0.0022459399606298974,0.0013385826771653009,0.0043235504652827,0.0031777916964924,0.0011457587687903003,0.425,0.3225,0.10249999999999998
128,contact_fraction_8A,0.0739566929133858,0.0686712598425196,0.0707085076279527,0.0032481852854331084,0.0020372477854330995,0.0012109375000000089,0.0032053060128847,0.0031003937007874,0.00010491231209730023,0.2093749999999999,0.258125,-0.0487500000000001
128,contact_fraction_10A,0.1318934547244094,0.1157874015748031,0.121087982898622,0.01080547182578738,0.005300581323818901,0.005504890501968479,0.0107291293843951,0.0068443539727988,0.0038847754115962996,0.32375,0.2412499999999999,0.08250000000000007
128,long_range_contact_fraction,0.029167916041979,0.0186791604197901,0.0231118815592203,0.006056034482758699,0.004432721139430201,0.0016233133433284988,0.0060727817909227,0.004888646585798,0.0011841352051246996,0.390625,0.286875,0.10375000000000001
128,distance_mean,17.8522859954834,19.852612171173096,21.455674678087234,3.6033886826038355,1.6030625069141387,2.000326175689697,3.50373586481268,1.5458422036604462,1.9578936611522337,0.649375,0.1899999999999999,0.45937500000000014
128,distance_std,7.056561913490295,8.58245484828949,10.135987870395184,3.0794259569048883,1.553533022105693,1.5258929347991952,2.985378326936204,1.4696457082575032,1.515732618678701,0.596875,0.226875,0.37000000000000005
128,radius_of_gyration,13.525135132350249,15.256726849559554,16.7715935658075,3.246458433457251,1.5148667162479459,1.7315917172093052,3.151596735063163,1.4572221395671303,1.6943745954960325,0.6325,0.1943749999999999,0.43812500000000004
128,triangle_violation_fraction,0.0015380859375,0.0012548828125,0.0,0.0015380859375,0.0012548828125,0.00028320312500000003,0.0015380859375,0.0012548828125,0.00028320312500000003,0.81,0.84,-0.029999999999999916
128,triangle_violation_mean,0.0009239385602995,0.0006303152162581,0.0,0.0009239385602995,0.0006303152162581,0.0002936233440414,0.0009239385602995,0.0006303152162581,0.0002936233440414,0.81,0.84,-0.029999999999999916
128,negative_eigenvalue_mass_fraction,0.1004674709274529,0.083164768310728,3.746926033245365e-07,0.10046709623484958,0.08316439361812468,0.017302702616724897,0.1004670962806088,0.0831643936638839,0.01730270261672491,1.0,1.0,0.0
128,rank3_residual_energy_fraction,0.1415917177007459,0.1335614384301001,3.740689266142593e-07,0.1415913436318193,0.1335610643611735,0.008030279270645813,0.1415913436681123,0.1335610643974664,0.008030279270645896,1.0,1.0,0.0
256,adjacent_residue_distance_mean,3.620892340244031,3.9071171272034735,3.8133795570247377,0.19248721678070657,0.09373757017873574,0.09874964660197083,0.1924287450247794,0.1064779321632552,0.08595081286152421,1.0,0.65,0.35
256,contact_fraction_6A,0.0219715073529411,0.0192781862745098,0.0218594960956365,0.0001120112573045999,0.0025813098211267017,-0.002469298563822102,0.0005816937609587,0.0025796544533518,-0.0019979606923931,0.158125,0.569375,-0.41125
256,contact_fraction_8A,0.0389454656862745,0.0345199142156862,0.0382033747724345,0.0007420909138400045,0.0036834605567482998,-0.0029413696429082953,0.0008799849802329,0.0036799385993307,-0.0027999536190978,0.185,0.65375,-0.46875000000000006
256,contact_fraction_10A,0.0729132965686274,0.0604010416666666,0.0687267991155033,0.004186497453124091,0.008325757448836707,-0.004139259995712616,0.0041831989105533,0.0083290559914073,-0.004145857080854,0.313125,0.605,-0.291875
256,long_range_contact_fraction,0.0107127437091007,0.0069284220468191,0.0122853604851167,0.0015726167760160004,0.005356938438297601,-0.0037843216622816004,0.0015793036933627,0.005345290043029,-0.0037659863496662996,0.254375,0.540625,-0.28625
256,distance_mean,21.640451679229734,25.29075029373169,25.330715537071228,3.6902638578414937,0.03996524333953744,3.6502986145019563,3.6589739678122792,0.6148284842751246,3.0441454835371546,0.844375,0.125,0.719375
256,distance_std,7.990422563552856,10.791311068534853,11.056411653757095,3.0659890902042397,0.26510058522224256,2.800888504981997,3.038176395242865,0.7044381137327719,2.3337382815100933,0.8275,0.144375,0.683125
256,radius_of_gyration,16.283057382914794,19.43184062401965,19.52311986695165,3.240062484036855,0.09127924293199996,3.148783241104855,3.210779835749677,0.5825478585717634,2.6282319771779137,0.8475,0.125,0.7225
256,triangle_violation_fraction,0.004248046875,0.001279296875,0.0,0.004248046875,0.001279296875,0.0029687499999999996,0.004248046875,0.001279296875,0.0029687499999999996,0.99,0.8200000000000001,0.16999999999999993
256,triangle_violation_mean,0.0072506496228743,0.0016210476355627,0.0,0.0072506496228743,0.0016210476355627,0.0056296019873116,0.0072506496228743,0.0016210476355627,0.0056296019873116,0.99,0.8200000000000001,0.16999999999999993
256,negative_eigenvalue_mass_fraction,0.1623857036489349,0.1167030228956801,5.451686573342051e-07,0.16238515848027757,0.11670247772702277,0.045682680753254795,0.162385158503075,0.1167024777498202,0.045682680753254795,1.0,1.0,0.0
256,rank3_residual_energy_fraction,0.2340417018340421,0.1878990054678289,5.445978171339833e-07,0.23404115723622498,0.18789846087001177,0.04614269636621321,0.2340411572748983,0.1878984609086851,0.04614269636621321,1.0,1.0,0.0
384,adjacent_residue_distance_mean,3.591359594524996,3.924256510778133,3.812486727918124,0.22112713339312773,0.11176978286000905,0.10935735053311868,0.2211319130931908,0.1212948967517998,0.099837016341391,1.0,0.775,0.22499999999999998
384,contact_fraction_6A,0.0150902959094865,0.0135462902523933,0.0144020894976484,0.0006882064118381003,0.0008557992452551,-0.00016759283341699974,0.000708908364164,0.0008804236170966,-0.0001715152529326,0.4243749999999999,0.555,-0.13062500000000016
384,contact_fraction_8A,0.0293216927763272,0.0235574412532637,0.0263663843404718,0.0029553084358554006,0.0028089430872080996,0.000146365348647301,0.002952447025571,0.0028160123110221,0.00013643471454890003,0.464375,0.750625,-0.28625
384,contact_fraction_10A,0.0560487380330722,0.0413136422976501,0.0484518851807294,0.007596852852342802,0.0071382428830793,0.0004586099692635015,0.0075964137250218,0.0071441224673797,0.0004522912576421,0.6375,0.695,-0.057499999999999996
384,long_range_contact_fraction,0.0103043213633597,0.0039419760600527,0.0094702973646327,0.0008340239987270001,0.00552832130458,-0.004694297305853,0.0020814059749087,0.005532661708152,-0.0034512557332433,0.3399999999999999,0.855,-0.5150000000000001
384,distance_mean,23.61756755828857,27.95561889648437,28.83518871665001,5.217621158361439,0.8795698201656386,4.3380513381958,5.217922098106808,0.9625309805075324,4.255391117599276,1.0,0.14,0.86
384,distance_std,8.335135374069214,11.28300199508667,12.453899309039116,4.118763934969902,1.1708973139524463,2.9478666210174556,4.118840467598703,1.178497705194685,2.9403427624040184,1.0,0.2,0.8
384,radius_of_gyration,17.687253809195294,21.29734736923303,22.20595246993414,4.5186986607388455,0.9086051007011093,3.610093560037736,4.519046847114702,0.9414600493964232,3.577586797718279,1.0,0.14,0.86
384,triangle_violation_fraction,0.007724609375,0.001708984375,0.0,0.007724609375,0.001708984375,0.006015625,0.0077150132921006,0.0017022026909722,0.006012810601128401,1.0,0.88,0.12
384,triangle_violation_mean,0.0188576617743819,0.0034047858067788,0.0,0.0188576617743819,0.0034047858067788,0.0154528759676031,0.0188077751152175,0.0033880821372602,0.0154196929779573,1.0,0.88,0.12
384,negative_eigenvalue_mass_fraction,0.2127200888542635,0.149874463665895,6.678092708056428e-07,0.2127194210449927,0.1498737958566242,0.0628456251883685,0.2127230251847077,0.1498812867743957,0.06284173841031201,1.0,1.0,0.0
384,rank3_residual_energy_fraction,0.3039530359858687,0.2348621301460892,6.67499776187561e-07,0.30395236848609253,0.23486146264631302,0.0690909058397795,0.3039197498331221,0.2348712148374503,0.06904853499567179,1.0,1.0,0.0
500,adjacent_residue_distance_mean,3.602412993979597,3.9213680672502234,3.8047874026710335,0.20237440869143652,0.11658066457918981,0.08579374411224672,0.2023351634746471,0.1363329679893375,0.06600219548530961,1.0,0.88,0.12
500,contact_fraction_6A,0.011786132264529,0.0102496192384769,0.0110189134322543,0.0007672188322747006,0.0007692941937774006,-2.0753615026999905e-06,0.000764975774731,0.0007635216964017,1.4540783293000943e-06,0.561875,0.63,-0.06812499999999999
500,contact_fraction_8A,0.0231503006012024,0.0177551903807615,0.020066266020048,0.0030840345811543983,0.0023110756392865014,0.0007729589418678968,0.0030759052272083,0.0023297095738222,0.0007461956533860998,0.56,0.86625,-0.3062499999999999
500,contact_fraction_10A,0.0446246092184368,0.0310063326653306,0.0368743969888409,0.007750212229595897,0.005868064323510301,0.0018821479060855961,0.0077415909393965,0.0059783848852576,0.0017632060541389006,0.7775,0.78625,-0.008750000000000036
500,long_range_contact_fraction,0.0083195879758979,0.002635742417612,0.006804541214041,0.0015150467618569004,0.0041687987964290005,-0.0026537520345721,0.0023241460988188,0.0042202048803726,-0.0018960587815538004,0.3618749999999999,0.92,-0.5581250000000002
500,distance_mean,24.93725555419922,30.909674911499025,32.19014257192612,7.2528870177268985,1.2804676604270924,5.972419357299806,7.2570718470073885,1.321164336942491,5.935907510064897,1.0,0.433125,0.566875
500,distance_std,8.450353870391845,12.803817138671874,14.11077716946602,5.660423299074175,1.306960030794146,4.353463268280029,5.66648211614007,1.4331962154025129,4.233285900737558,1.0,0.5775,0.4225
500,radius_of_gyration,18.60009573848816,23.654419083596284,24.8364727784416,6.236377039953439,1.1820536948453153,5.0543233451081235,6.240930529594294,1.2376061605703108,5.003324369023984,1.0,0.46625,0.53375
500,triangle_violation_fraction,0.00814453125,0.002890625,0.0,0.00814453125,0.002890625,0.00525390625,0.0081151326497395,0.0028639293852306,0.0052512032645089,1.0,1.0,0.0
500,triangle_violation_mean,0.0212468002457171,0.0057344667613506,0.0,0.0212468002457171,0.0057344667613506,0.015512333484366498,0.0210747878026311,0.0055826617790444,0.0154921260235867,1.0,1.0,0.0
500,negative_eigenvalue_mass_fraction,0.2380671586503184,0.1674409377836253,7.276616916298953e-07,0.2380664309886268,0.16744021012193366,0.07062622086669312,0.2379341898910086,0.1676148004181217,0.07031938947288688,1.0,1.0,0.0
500,rank3_residual_energy_fraction,0.3436752147288239,0.2452800483760492,7.27557352359152e-07,0.34367448717147153,0.24527932081869683,0.0983951663527747,0.3436746401168997,0.2452984187241086,0.09837622139279109,1.0,1.0,0.0
