checkpoint,panel,length_stratum,decile_start_percent,decile_end_percent,equal_protein_ce,heldout_minus_train
2000,train,20–64,0,10,2.305276104008279,0.0
2000,train,20–64,10,20,1.592127886513339,0.0
2000,train,20–64,20,30,1.4599424955641664,0.0
2000,train,20–64,30,40,1.36167281279241,0.0
2000,train,20–64,40,50,1.3531022870122376,0.0
2000,train,20–64,50,60,1.4145961568611334,0.0
2000,train,20–64,60,70,1.3472582235608659,0.0
2000,train,20–64,70,80,1.3594891573553733,0.0
2000,train,20–64,80,90,1.4006906344938637,0.0
2000,train,20–64,90,100,1.4500639181410917,0.0
2000,train,65–128,0,10,2.298400353513113,0.0
2000,train,65–128,10,20,1.767602833900771,0.0
2000,train,65–128,20,30,1.6596932744871393,0.0
2000,train,65–128,30,40,1.576416724541497,0.0
2000,train,65–128,40,50,1.5699843977837789,0.0
2000,train,65–128,50,60,1.5060811162031846,0.0
2000,train,65–128,60,70,1.4816873341152819,0.0
2000,train,65–128,70,80,1.4637568280261248,0.0
2000,train,65–128,80,90,1.5192417897655992,0.0
2000,train,65–128,90,100,1.5166609633156019,0.0
2000,train,129–256,0,10,2.4371761576431554,0.0
2000,train,129–256,10,20,2.2454623360648216,0.0
2000,train,129–256,20,30,2.16000346928869,0.0
2000,train,129–256,30,40,2.065764304522493,0.0
2000,train,129–256,40,50,2.095008983419606,0.0
2000,train,129–256,50,60,1.9931438627306417,0.0
2000,train,129–256,60,70,1.9682218707004766,0.0
2000,train,129–256,70,80,1.9785698544438475,0.0
2000,train,129–256,80,90,2.00254994031587,0.0
2000,train,129–256,90,100,2.0068351021212547,0.0
2000,train,257–384,0,10,2.566908242941486,0.0
2000,train,257–384,10,20,2.475181587262154,0.0
2000,train,257–384,20,30,2.529043239295428,0.0
2000,train,257–384,30,40,2.4815013445754395,0.0
2000,train,257–384,40,50,2.490206024121359,0.0
2000,train,257–384,50,60,2.487918416549643,0.0
2000,train,257–384,60,70,2.4814609913492727,0.0
2000,train,257–384,70,80,2.501794530176683,0.0
2000,train,257–384,80,90,2.5135926874180856,0.0
2000,train,257–384,90,100,2.482445717716082,0.0
2000,train,385–500,0,10,2.8550684836791023,0.0
2000,train,385–500,10,20,2.8657121168663564,0.0
2000,train,385–500,20,30,2.8559211244792984,0.0
2000,train,385–500,30,40,2.846960908334821,0.0
2000,train,385–500,40,50,2.8673023553815624,0.0
2000,train,385–500,50,60,2.8524475855465914,0.0
2000,train,385–500,60,70,2.8555392525306833,0.0
2000,train,385–500,70,80,2.864655203224686,0.0
2000,train,385–500,80,90,2.8468178501921937,0.0
2000,train,385–500,90,100,2.8526078791956446,0.0
2000,primary,20–64,0,10,3.003016236642512,0.697740132634233
2000,primary,20–64,10,20,3.053960496914096,1.461832610400757
2000,primary,20–64,20,30,3.015110469736704,1.5551679741725377
2000,primary,20–64,30,40,2.9379097912369705,1.5762369784445605
2000,primary,20–64,40,50,2.919282195335481,1.5661799083232435
2000,primary,20–64,50,60,2.8389822581919226,1.4243861013307892
2000,primary,20–64,60,70,2.8792890412051504,1.5320308176442845
2000,primary,20–64,70,80,2.850377462259153,1.4908883049037798
2000,primary,20–64,80,90,2.8664269118774226,1.465736277383559
2000,primary,20–64,90,100,2.884309123202068,1.4342452050609764
2000,primary,65–128,0,10,2.880662781436269,0.5822624279231561
2000,primary,65–128,10,20,2.964240836515659,1.1966380026148882
2000,primary,65–128,20,30,2.946706382239737,1.2870131077525977
2000,primary,65–128,30,40,2.9082660425000073,1.3318493179585102
2000,primary,65–128,40,50,2.895912551298374,1.3259281535145953
2000,primary,65–128,50,60,2.8924680913366925,1.3863869751335078
2000,primary,65–128,60,70,2.9136944584730196,1.4320071243577377
2000,primary,65–128,70,80,2.9059127342410203,1.4421559062148954
2000,primary,65–128,80,90,2.8972655063722192,1.37802371660662
2000,primary,65–128,90,100,2.8931508273613162,1.3764898640457144
2000,primary,129–256,0,10,2.89623263638194,0.4590564787387845
2000,primary,129–256,10,20,2.8864014335521837,0.6409390974873621
2000,primary,129–256,20,30,2.8930832022341058,0.733079732945416
2000,primary,129–256,30,40,2.8870474684892633,0.8212831639667701
2000,primary,129–256,40,50,2.8759503505686754,0.7809413671490693
2000,primary,129–256,50,60,2.8831129857043667,0.889969122973725
2000,primary,129–256,60,70,2.866284295998332,0.8980624252978553
2000,primary,129–256,70,80,2.877973403872513,0.8994035494286656
2000,primary,129–256,80,90,2.8779531144150874,0.8754031740992172
2000,primary,129–256,90,100,2.8466457739108946,0.8398106717896399
2000,primary,257–384,0,10,2.884148385530579,0.3172401425890934
2000,primary,257–384,10,20,2.846445685202452,0.3712640979402977
2000,primary,257–384,20,30,2.8565555834245564,0.32751234412912833
2000,primary,257–384,30,40,2.870054754767849,0.38855341019240974
2000,primary,257–384,40,50,2.86672204572589,0.3765160216045311
2000,primary,257–384,50,60,2.8714364962356305,0.3835180796859876
2000,primary,257–384,60,70,2.8666634355605667,0.385202444211294
2000,primary,257–384,70,80,2.8686563170043646,0.3668617868276818
2000,primary,257–384,80,90,2.869758197322743,0.35616550990465745
2000,primary,257–384,90,100,2.8539989460942796,0.3715532283781977
2000,primary,385–500,0,10,2.869326916183994,0.014258432504891783
2000,primary,385–500,10,20,2.8656720846964268,-4.0032169929649086e-05
2000,primary,385–500,20,30,2.8619623219179933,0.006041197438694912
2000,primary,385–500,30,40,2.87147128319682,0.02451037486199903
2000,primary,385–500,40,50,2.860786245038282,-0.006516110343280257
2000,primary,385–500,50,60,2.8629308918577534,0.01048330631116201
2000,primary,385–500,60,70,2.853886147874492,-0.0016531046561913953
2000,primary,385–500,70,80,2.850865582090718,-0.013789621133967866
2000,primary,385–500,80,90,2.8542007688788154,0.0073829186866216645
2000,primary,385–500,90,100,2.8452921811409277,-0.007315698054716879
2000,independent,20–64,0,10,3.0249430202856296,0.7196669162773506
2000,independent,20–64,10,20,3.031772938152639,1.4396450516392998
2000,independent,20–64,20,30,2.986860012426609,1.5269175168624427
2000,independent,20–64,30,40,2.9285695759261525,1.5668967631337425
2000,independent,20–64,40,50,2.9462472136427715,1.593144926630534
2000,independent,20–64,50,60,2.908328995181293,1.4937328383201596
2000,independent,20–64,60,70,2.9106514459703026,1.5633932224094367
2000,independent,20–64,70,80,2.8770664563993127,1.5175772990439393
2000,independent,20–64,80,90,2.883820215957921,1.4831295814640573
2000,independent,20–64,90,100,2.8605604924806736,1.4104965743395819
2000,independent,65–128,0,10,2.8817641793227775,0.5833638258096645
2000,independent,65–128,10,20,2.9482276276844304,1.1806247937836594
2000,independent,65–128,20,30,2.9506498226305333,1.290956548143394
2000,independent,65–128,30,40,2.9237317562103273,1.3473150316688303
2000,independent,65–128,40,50,2.89957154553111,1.329587147747331
2000,independent,65–128,50,60,2.9095784896757544,1.4034973734725698
2000,independent,65–128,60,70,2.910418146412547,1.428730812297265
2000,independent,65–128,70,80,2.91664421616531,1.452887388139185
2000,independent,65–128,80,90,2.8836845456100093,1.36444275584441
2000,independent,65–128,90,100,2.8728703533730857,1.3562093900574839
2000,independent,129–256,0,10,2.9052507775585825,0.4680746199154271
2000,independent,129–256,10,20,2.9055376702692453,0.6600753342044237
2000,independent,129–256,20,30,2.881863269864059,0.7218598005753694
2000,independent,129–256,30,40,2.8775880558098237,0.8118237512873305
2000,independent,129–256,40,50,2.8823092374496344,0.7873002540300282
2000,independent,129–256,50,60,2.8830234949908604,0.8898796322602187
2000,independent,129–256,60,70,2.8739032536018185,0.9056813829013419
2000,independent,129–256,70,80,2.8782391123655366,0.8996692579216892
2000,independent,129–256,80,90,2.8733513872797896,0.8708014469639194
2000,independent,129–256,90,100,2.8572147607803347,0.8503796586590799
2000,independent,257–384,0,10,2.894456157474471,0.3275479145329854
2000,independent,257–384,10,20,2.873494593613305,0.3983130063511511
2000,independent,257–384,20,30,2.872491832467338,0.3434485931719098
2000,independent,257–384,30,40,2.8645180612438175,0.383016716668378
2000,independent,257–384,40,50,2.8757301612704773,0.3855241371491185
2000,independent,257–384,50,60,2.874885805078707,0.3869673885290643
2000,independent,257–384,60,70,2.875889327531922,0.3944283361826493
2000,independent,257–384,70,80,2.875023634334648,0.3732291041579652
2000,independent,257–384,80,90,2.85830113240734,0.34470844498925457
2000,independent,257–384,90,100,2.85831773368537,0.3758720159692879
2000,independent,385–500,0,10,2.86686883578965,0.011800352110547863
2000,independent,385–500,10,20,2.8718379505689104,0.00612583370255404
2000,independent,385–500,20,30,2.8633033331565576,0.00738220867725925
2000,independent,385–500,30,40,2.8715491726229416,0.024588264288120776
2000,independent,385–500,40,50,2.8621120243025877,-0.005190331078974708
2000,independent,385–500,50,60,2.8632564136626377,0.010808828116046332
2000,independent,385–500,60,70,2.858039310334073,0.002500057803389577
2000,independent,385–500,70,80,2.862816991899299,-0.0018382113253867516
2000,independent,385–500,80,90,2.862615288032588,0.015797437840394224
2000,independent,385–500,90,100,2.8472724771149878,-0.005335402080656859
5000,train,20–64,0,10,1.931603641335557,0.0
5000,train,20–64,10,20,1.05577559158124,0.0
5000,train,20–64,20,30,0.9746826905429238,0.0
5000,train,20–64,30,40,0.8632574766540773,0.0
5000,train,20–64,40,50,0.8369876960723603,0.0
5000,train,20–64,50,60,0.8683421185034825,0.0
5000,train,20–64,60,70,0.8335697166451055,0.0
5000,train,20–64,70,80,0.8297007828763748,0.0
5000,train,20–64,80,90,0.864305716978818,0.0
5000,train,20–64,90,100,0.8936337602411031,0.0
5000,train,65–128,0,10,1.723245597249124,0.0
5000,train,65–128,10,20,1.0386022147423695,0.0
5000,train,65–128,20,30,0.9636906442592146,0.0
5000,train,65–128,30,40,0.9085196222693722,0.0
5000,train,65–128,40,50,0.9479413532086477,0.0
5000,train,65–128,50,60,0.8830497807118773,0.0
5000,train,65–128,60,70,0.8741692330626659,0.0
5000,train,65–128,70,80,0.867369054520514,0.0
5000,train,65–128,80,90,0.9263030798033092,0.0
5000,train,65–128,90,100,0.9360108497229415,0.0
5000,train,129–256,0,10,1.788913469634405,0.0
5000,train,129–256,10,20,1.386598987555328,0.0
5000,train,129–256,20,30,1.3466469331129125,0.0
5000,train,129–256,30,40,1.2531234439572982,0.0
5000,train,129–256,40,50,1.3281358878735063,0.0
5000,train,129–256,50,60,1.223523114045188,0.0
5000,train,129–256,60,70,1.1780678718771591,0.0
5000,train,129–256,70,80,1.1968984471460118,0.0
5000,train,129–256,80,90,1.2018135550338918,0.0
5000,train,129–256,90,100,1.2649501376567414,0.0
5000,train,257–384,0,10,2.2474690366782304,0.0
5000,train,257–384,10,20,2.059539081338505,0.0
5000,train,257–384,20,30,2.063329490740087,0.0
5000,train,257–384,30,40,2.0366865002406196,0.0
5000,train,257–384,40,50,2.013049331607209,0.0
5000,train,257–384,50,60,2.023746691152771,0.0
5000,train,257–384,60,70,2.032850339764004,0.0
5000,train,257–384,70,80,2.0322928203010004,0.0
5000,train,257–384,80,90,2.05864811971031,0.0
5000,train,257–384,90,100,2.055961622661067,0.0
5000,train,385–500,0,10,2.647726007734942,0.0
5000,train,385–500,10,20,2.6144577798454667,0.0
5000,train,385–500,20,30,2.5930308402096967,0.0
5000,train,385–500,30,40,2.5934811237807245,0.0
5000,train,385–500,40,50,2.610532481245546,0.0
5000,train,385–500,50,60,2.6016798817032742,0.0
5000,train,385–500,60,70,2.595812969613356,0.0
5000,train,385–500,70,80,2.618509006724294,0.0
5000,train,385–500,80,90,2.6129952682798283,0.0
5000,train,385–500,90,100,2.612218819033257,0.0
5000,primary,20–64,0,10,3.124862835029276,1.1932591936937191
5000,primary,20–64,10,20,3.05117740209964,1.9954018105184
5000,primary,20–64,20,30,2.9249883682262605,1.9503056776833367
5000,primary,20–64,30,40,2.8713852393917922,2.0081277627377148
5000,primary,20–64,40,50,2.854130661451235,2.017142965378875
5000,primary,20–64,50,60,2.8115752750780523,1.9432331565745697
5000,primary,20–64,60,70,2.8347491107335903,2.001179394088485
5000,primary,20–64,70,80,2.8544409764976035,2.024740193621229
5000,primary,20–64,80,90,2.8531932739949806,1.9888875570161626
5000,primary,20–64,90,100,2.8492488107303293,1.9556150504892262
5000,primary,65–128,0,10,2.9005074849942836,1.1772618877451595
5000,primary,65–128,10,20,2.964437979423418,1.9258357646810487
5000,primary,65–128,20,30,2.925775539584276,1.9620848953250616
5000,primary,65–128,30,40,2.8962018716626052,1.9876822493932331
5000,primary,65–128,40,50,2.8806540475022504,1.9327126942936026
5000,primary,65–128,50,60,2.889901750552945,2.006851969841068
5000,primary,65–128,60,70,2.89242701559532,2.018257782532654
5000,primary,65–128,70,80,2.8748560980325792,2.0074870435120653
5000,primary,65–128,80,90,2.8857066852290454,1.9594036054257362
5000,primary,65–128,90,100,2.858779953747261,1.9227691040243196
5000,primary,129–256,0,10,2.91078029042337,1.1218668207889653
5000,primary,129–256,10,20,2.8803067063501038,1.4937077187947758
5000,primary,129–256,20,30,2.875293084097708,1.5286461509847955
5000,primary,129–256,30,40,2.8774251667447617,1.6243017227874634
5000,primary,129–256,40,50,2.8623068919517496,1.5341710040782433
5000,primary,129–256,50,60,2.8723970736824147,1.6488739596372266
5000,primary,129–256,60,70,2.8642557683434884,1.6861878964663293
5000,primary,129–256,70,80,2.871328510889193,1.674430063743181
5000,primary,129–256,80,90,2.888033346603511,1.686219791569619
5000,primary,129–256,90,100,2.8488439792525817,1.5838938415958403
5000,primary,257–384,0,10,2.877554781570994,0.6300857448927637
5000,primary,257–384,10,20,2.8432626930637,0.7837236117251951
5000,primary,257–384,20,30,2.8520567189437545,0.7887272282036673
5000,primary,257–384,30,40,2.865416352507319,0.8287298522666995
5000,primary,257–384,40,50,2.8631106221588434,0.8500612905516345
5000,primary,257–384,50,60,2.8766717834985633,0.8529250923457923
5000,primary,257–384,60,70,2.874873191045374,0.8420228512813703
5000,primary,257–384,70,80,2.8749722968103835,0.842679476509383
5000,primary,257–384,80,90,2.869237851397041,0.810589731686731
5000,primary,257–384,90,100,2.8548888274101873,0.7989272047491203
5000,primary,385–500,0,10,2.8643789017404497,0.2166528940055077
5000,primary,385–500,10,20,2.8622053992777405,0.24774761943227386
5000,primary,385–500,20,30,2.8597927408288335,0.26676190061913685
5000,primary,385–500,30,40,2.868520733196753,0.27503960941602834
5000,primary,385–500,40,50,2.858670144908877,0.2481376636633308
5000,primary,385–500,50,60,2.8611449676504344,0.2594650859471601
5000,primary,385–500,60,70,2.8513539385387543,0.25554096892539846
5000,primary,385–500,70,80,2.850198514304126,0.2316895075798322
5000,primary,385–500,80,90,2.8551246525314444,0.24212938425161612
5000,primary,385–500,90,100,2.8394547173329845,0.22723589829972735
5000,independent,20–64,0,10,3.148502937613464,1.2168992962779068
5000,independent,20–64,10,20,3.0574402656497024,2.0016646740684623
5000,independent,20–64,20,30,2.942526059906657,1.9678433693637332
5000,independent,20–64,30,40,2.868030403227341,2.0047729265732634
5000,independent,20–64,40,50,2.9075429135660937,2.0705552174937334
5000,independent,20–64,50,60,2.8708198139762007,2.0024776954727184
5000,independent,20–64,60,70,2.8962316152526113,2.062661898607506
5000,independent,20–64,70,80,2.8582209646701813,2.0285201817938066
5000,independent,20–64,80,90,2.8647497017209123,2.0004439847420943
5000,independent,20–64,90,100,2.872114932846005,1.978481172604902
5000,independent,65–128,0,10,2.9171298942914823,1.1938842970423582
5000,independent,65–128,10,20,2.941425061334924,1.9028228465925545
5000,independent,65–128,20,30,2.931212025808125,1.9675213815489103
5000,independent,65–128,30,40,2.9185459191479333,2.010026296878561
5000,independent,65–128,40,50,2.8945090712025396,1.9465677179938918
5000,independent,65–128,50,60,2.9178577469616402,2.0348079662497627
5000,independent,65–128,60,70,2.9041066344191386,2.029937401356473
5000,independent,65–128,70,80,2.89479721406611,2.027428159545596
5000,independent,65–128,80,90,2.8727703838813596,1.9464673040780505
5000,independent,65–128,90,100,2.8354059655491897,1.8993951158262483
5000,independent,129–256,0,10,2.933745146233861,1.1448316765994562
5000,independent,129–256,10,20,2.8934028199257713,1.5068038323704434
5000,independent,129–256,20,30,2.8721419976433604,1.525495064530448
5000,independent,129–256,30,40,2.8776044134050607,1.6244809694477624
5000,independent,129–256,40,50,2.873528153174301,1.5453922653007948
5000,independent,129–256,50,60,2.8676968849824864,1.6441737709372983
5000,independent,129–256,60,70,2.8702285522367896,1.6921606803596305
5000,independent,129–256,70,80,2.8785361313238376,1.6816376841778258
5000,independent,129–256,80,90,2.874921540516179,1.6731079854822872
5000,independent,129–256,90,100,2.8478318301642815,1.5828816925075402
5000,independent,257–384,0,10,2.8942438769165637,0.6467748402383333
5000,independent,257–384,10,20,2.868187843733137,0.8086487623946321
5000,independent,257–384,20,30,2.8699557991074465,0.8066263083673593
5000,independent,257–384,30,40,2.8658957877777027,0.8292092875370831
5000,independent,257–384,40,50,2.8767148696414417,0.8636655380342328
5000,independent,257–384,50,60,2.8749889954378087,0.8512423042850377
5000,independent,257–384,60,70,2.8753571008994703,0.8425067611354664
5000,independent,257–384,70,80,2.874661777305137,0.8423689570041364
5000,independent,257–384,80,90,2.86037497124054,0.8017268515302303
5000,independent,257–384,90,100,2.8555379415199633,0.7995763188588962
5000,independent,385–500,0,10,2.858917883672458,0.21119187593751576
5000,independent,385–500,10,20,2.859500297853008,0.2450425180075415
5000,independent,385–500,20,30,2.8550088376462606,0.2619779974365639
5000,independent,385–500,30,40,2.866693043184164,0.2732119194034395
5000,independent,385–500,40,50,2.867493027288348,0.25696054604280194
5000,independent,385–500,50,60,2.8648428887784627,0.26316300707518847
5000,independent,385–500,60,70,2.8575775349344195,0.2617645653210636
5000,independent,385–500,70,80,2.861748086211151,0.24323907948685708
5000,independent,385–500,80,90,2.8627003440064147,0.2497050757265864
5000,independent,385–500,90,100,2.8453181798417293,0.23309936080847216
7500,train,20–64,0,10,1.7972075644062786,0.0
7500,train,20–64,10,20,0.8740490093805464,0.0
7500,train,20–64,20,30,0.7569807372369463,0.0
7500,train,20–64,30,40,0.6825695919314102,0.0
7500,train,20–64,40,50,0.6648726528903663,0.0
7500,train,20–64,50,60,0.7103686029999065,0.0
7500,train,20–64,60,70,0.6413460429989755,0.0
7500,train,20–64,70,80,0.6651787577590101,0.0
7500,train,20–64,80,90,0.6508576569284054,0.0
7500,train,20–64,90,100,0.7044948284217731,0.0
7500,train,65–128,0,10,1.543914908534143,0.0
7500,train,65–128,10,20,0.8352471560809268,0.0
7500,train,65–128,20,30,0.7663282378244886,0.0
7500,train,65–128,30,40,0.730262554112137,0.0
7500,train,65–128,40,50,0.7514443831446009,0.0
7500,train,65–128,50,60,0.7235714236221189,0.0
7500,train,65–128,60,70,0.7105482379871785,0.0
7500,train,65–128,70,80,0.7121217192095084,0.0
7500,train,65–128,80,90,0.7703666662771245,0.0
7500,train,65–128,90,100,0.7755142156295733,0.0
7500,train,129–256,0,10,1.5730290328584067,0.0
7500,train,129–256,10,20,1.1537759938786576,0.0
7500,train,129–256,20,30,1.125342199442834,0.0
7500,train,129–256,30,40,1.061261032236547,0.0
7500,train,129–256,40,50,1.1340197551204256,0.0
7500,train,129–256,50,60,1.0423016386334627,0.0
7500,train,129–256,60,70,1.001635147762098,0.0
7500,train,129–256,70,80,1.0087879791630523,0.0
7500,train,129–256,80,90,1.024741127568767,0.0
7500,train,129–256,90,100,1.0601029417256584,0.0
7500,train,257–384,0,10,2.0299810432717385,0.0
7500,train,257–384,10,20,1.775696859057646,0.0
7500,train,257–384,20,30,1.7883839824843093,0.0
7500,train,257–384,30,40,1.730642086031024,0.0
7500,train,257–384,40,50,1.7273718065942438,0.0
7500,train,257–384,50,60,1.7377224360874326,0.0
7500,train,257–384,60,70,1.763939136555057,0.0
7500,train,257–384,70,80,1.7600937419491054,0.0
7500,train,257–384,80,90,1.7922123249381845,0.0
7500,train,257–384,90,100,1.7874218928271344,0.0
7500,train,385–500,0,10,2.543825824606098,0.0
7500,train,385–500,10,20,2.4707030654693067,0.0
7500,train,385–500,20,30,2.4394568440523656,0.0
7500,train,385–500,30,40,2.43636547944727,0.0
7500,train,385–500,40,50,2.440029309092548,0.0
7500,train,385–500,50,60,2.443588220443279,0.0
7500,train,385–500,60,70,2.452690366645039,0.0
7500,train,385–500,70,80,2.4742424820611446,0.0
7500,train,385–500,80,90,2.5123289231200396,0.0
7500,train,385–500,90,100,2.539891210537996,0.0
7500,primary,20–64,0,10,3.2003583979315873,1.4031508335253087
7500,primary,20–64,10,20,3.1201769812621754,2.246127971881629
7500,primary,20–64,20,30,2.9639701119147057,2.2069893746777596
7500,primary,20–64,30,40,2.901561155224719,2.218991563293309
7500,primary,20–64,40,50,2.890512724016316,2.22564007112595
7500,primary,20–64,50,60,2.8428121946025184,2.132443591602612
7500,primary,20–64,60,70,2.8652494035116054,2.22390336051263
7500,primary,20–64,70,80,2.8945274522028317,2.2293486944438214
7500,primary,20–64,80,90,2.8988298517901723,2.247972194861767
7500,primary,20–64,90,100,2.8658800541627696,2.1613852257409967
7500,primary,65–128,0,10,3.009674749868672,1.465759841334529
7500,primary,65–128,10,20,3.015056646789038,2.179809490708111
7500,primary,65–128,20,30,2.9661343780959526,2.199806140271464
7500,primary,65–128,30,40,2.9263566139267714,2.1960940598146346
7500,primary,65–128,40,50,2.9128857227814633,2.1614413396368626
7500,primary,65–128,50,60,2.9183732684065657,2.194801844784447
7500,primary,65–128,60,70,2.932337243382524,2.2217890053953453
7500,primary,65–128,70,80,2.895571756362915,2.1834500371534062
7500,primary,65–128,80,90,2.9193668086354325,2.1490001423583083
7500,primary,65–128,90,100,2.882486472478727,2.1069722568491533
7500,primary,129–256,0,10,2.9799893681595964,1.4069603353011897
7500,primary,129–256,10,20,2.9156079249787314,1.7618319311000739
7500,primary,129–256,20,30,2.896098420928586,1.770756221485752
7500,primary,129–256,30,40,2.893312396642911,1.8320513644063638
7500,primary,129–256,40,50,2.877776049444024,1.7437562943235982
7500,primary,129–256,50,60,2.8984316570930275,1.8561300184595648
7500,primary,129–256,60,70,2.8852527568162216,1.8836176090541237
7500,primary,129–256,70,80,2.8954275721456946,1.8866395929826423
7500,primary,129–256,80,90,2.922346401343792,1.897605273775025
7500,primary,129–256,90,100,2.863482066959983,1.8033791252343248
7500,primary,257–384,0,10,2.9071063957470846,0.8771253524753462
7500,primary,257–384,10,20,2.858838614864243,1.083141755806597
7500,primary,257–384,20,30,2.865925740587245,1.0775417581029358
7500,primary,257–384,30,40,2.8802921120373393,1.1496500260063152
7500,primary,257–384,40,50,2.8761285960237086,1.1487567894294648
7500,primary,257–384,50,60,2.8948690244213,1.1571465883338674
7500,primary,257–384,60,70,2.8920543153012,1.1281151787461432
7500,primary,257–384,70,80,2.8871867767464563,1.127093034797351
7500,primary,257–384,80,90,2.8823593274888317,1.0901470025506472
7500,primary,257–384,90,100,2.8630899357037904,1.075668042876656
7500,primary,385–500,0,10,2.878726141377008,0.33490031677091014
7500,primary,385–500,10,20,2.866243887064218,0.3955408215949112
7500,primary,385–500,20,30,2.8682684682692177,0.42881162421685204
7500,primary,385–500,30,40,2.8799909816685982,0.443625502221328
7500,primary,385–500,40,50,2.869496561787239,0.4294672526946912
7500,primary,385–500,50,60,2.870109463670726,0.4265212432274472
7500,primary,385–500,60,70,2.86212077234077,0.4094304056957312
7500,primary,385–500,70,80,2.8550062424396243,0.3807637603784797
7500,primary,385–500,80,90,2.8589205059853624,0.34659158286532277
7500,primary,385–500,90,100,2.838422383539251,0.2985311730012552
7500,independent,20–64,0,10,3.268307963377092,1.4711003989708133
7500,independent,20–64,10,20,3.118474696322185,2.244425686941639
7500,independent,20–64,20,30,2.9771794944274714,2.2201987571905253
7500,independent,20–64,30,40,2.920824104720136,2.238254512788726
7500,independent,20–64,40,50,2.946968845932222,2.2820961930418555
7500,independent,20–64,50,60,2.9211144114776357,2.2107458084777294
7500,independent,20–64,60,70,2.9387940246884416,2.297447981689466
7500,independent,20–64,70,80,2.890354183716018,2.2251754259570076
7500,independent,20–64,80,90,2.91681529930452,2.2659576423761147
7500,independent,20–64,90,100,2.9312226524258533,2.2267278240040804
7500,independent,65–128,0,10,2.9955800504219243,1.4516651418877813
7500,independent,65–128,10,20,3.003011646176257,2.16776449009533
7500,independent,65–128,20,30,2.960375621996638,2.1940473841721495
7500,independent,65–128,30,40,2.9470482615436,2.2167857074314625
7500,independent,65–128,40,50,2.9102824552722555,2.1588380721276543
7500,independent,65–128,50,60,2.948185919552315,2.224614495930196
7500,independent,65–128,60,70,2.9335695865677622,2.2230213485805836
7500,independent,65–128,70,80,2.9210333809619997,2.2089116617524915
7500,independent,65–128,80,90,2.9080050828980237,2.1376384166208995
7500,independent,65–128,90,100,2.8500857876568304,2.0745715720272573
7500,independent,129–256,0,10,3.006389757482017,1.4333607246236104
7500,independent,129–256,10,20,2.922158535840004,1.7683825419613464
7500,independent,129–256,20,30,2.8928155818272656,1.7674733823844315
7500,independent,129–256,30,40,2.894289307680163,1.8330282754436158
7500,independent,129–256,40,50,2.8949381282785374,1.7609183731581117
7500,independent,129–256,50,60,2.893143300290742,1.8508416616572791
7500,independent,129–256,60,70,2.89278181355174,1.891146665789642
7500,independent,129–256,70,80,2.9002294650891933,1.891441485926141
7500,independent,129–256,80,90,2.900519964171619,1.875778836602852
7500,independent,129–256,90,100,2.861558821724682,1.8014558799990237
7500,independent,257–384,0,10,2.925694547830409,0.8957135045586706
7500,independent,257–384,10,20,2.879910843296564,1.1042139842389178
7500,independent,257–384,20,30,2.8860504563105427,1.0976664738262334
7500,independent,257–384,30,40,2.8818990892769363,1.1512570032459122
7500,independent,257–384,40,50,2.894947731698929,1.1675759251046853
7500,independent,257–384,50,60,2.8913059135520953,1.1535834774646627
7500,independent,257–384,60,70,2.896976649324002,1.1330375127689452
7500,independent,257–384,70,80,2.8906206833995642,1.1305269414504588
7500,independent,257–384,80,90,2.8680090181402007,1.0757966932020162
7500,independent,257–384,90,100,2.8604227062542456,1.0730008134271112
7500,independent,385–500,0,10,2.8674256912362024,0.3235998666301043
7500,independent,385–500,10,20,2.8649279980175653,0.3942249325482585
7500,independent,385–500,20,30,2.86038084725296,0.4209240032005943
7500,independent,385–500,30,40,2.8786334793258703,0.4422679998786001
7500,independent,385–500,40,50,2.8796875027980664,0.4396581937055184
7500,independent,385–500,50,60,2.872162527443436,0.4285743070001571
7500,independent,385–500,60,70,2.865392982231084,0.41270261558604515
7500,independent,385–500,70,80,2.8686536063774875,0.39441112431634284
7500,independent,385–500,80,90,2.871862603866092,0.3595336807460523
7500,independent,385–500,90,100,2.843449035308763,0.3035578247707673
10000,train,20–64,0,10,1.752272463135603,0.0
10000,train,20–64,10,20,0.8228277355341915,0.0
10000,train,20–64,20,30,0.7112885947808925,0.0
10000,train,20–64,30,40,0.642209103723247,0.0
10000,train,20–64,40,50,0.6161585826700181,0.0
10000,train,20–64,50,60,0.6689433692958374,0.0
10000,train,20–64,60,70,0.5937862221774062,0.0
10000,train,20–64,70,80,0.6125606732575894,0.0
10000,train,20–64,80,90,0.6041766243037694,0.0
10000,train,20–64,90,100,0.6546931944196286,0.0
10000,train,65–128,0,10,1.49881320610279,0.0
10000,train,65–128,10,20,0.7949322860693029,0.0
10000,train,65–128,20,30,0.7295265250391401,0.0
10000,train,65–128,30,40,0.6953691100939234,0.0
10000,train,65–128,40,50,0.719371634820546,0.0
10000,train,65–128,50,60,0.6930972353741087,0.0
10000,train,65–128,60,70,0.6780901605093543,0.0
10000,train,65–128,70,80,0.6823360826047807,0.0
10000,train,65–128,80,90,0.7429631895301498,0.0
10000,train,65–128,90,100,0.7459516411539292,0.0
10000,train,129–256,0,10,1.5245031846732628,0.0
10000,train,129–256,10,20,1.1149352054450812,0.0
10000,train,129–256,20,30,1.0843219383601603,0.0
10000,train,129–256,30,40,1.0233926997293987,0.0
10000,train,129–256,40,50,1.0954343568512985,0.0
10000,train,129–256,50,60,1.002284655433915,0.0
10000,train,129–256,60,70,0.958579424065831,0.0
10000,train,129–256,70,80,0.9707527229606834,0.0
10000,train,129–256,80,90,0.9845920213202767,0.0
10000,train,129–256,90,100,1.0162722934061914,0.0
10000,train,257–384,0,10,1.9762515914615033,0.0
10000,train,257–384,10,20,1.7101130271462386,0.0
10000,train,257–384,20,30,1.7101524502787917,0.0
10000,train,257–384,30,40,1.648124716917335,0.0
10000,train,257–384,40,50,1.649883656228718,0.0
10000,train,257–384,50,60,1.6622694959829027,0.0
10000,train,257–384,60,70,1.6869157602940457,0.0
10000,train,257–384,70,80,1.6843759111484682,0.0
10000,train,257–384,80,90,1.7147291150811987,0.0
10000,train,257–384,90,100,1.718478459938237,0.0
10000,train,385–500,0,10,2.5157743890594446,0.0
10000,train,385–500,10,20,2.4309539170800103,0.0
10000,train,385–500,20,30,2.4023435382861957,0.0
10000,train,385–500,30,40,2.4002099931432475,0.0
10000,train,385–500,40,50,2.3997650103345554,0.0
10000,train,385–500,50,60,2.4017987567117314,0.0
10000,train,385–500,60,70,2.4130121375799534,0.0
10000,train,385–500,70,80,2.430600833579114,0.0
10000,train,385–500,80,90,2.4777898903934847,0.0
10000,train,385–500,90,100,2.5001179056725826,0.0
10000,primary,20–64,0,10,3.148849785618666,1.3965773224830629
10000,primary,20–64,10,20,3.087658762332143,2.2648310267979515
10000,primary,20–64,20,30,2.9531058497159037,2.241817254935011
10000,primary,20–64,30,40,2.8764203628479708,2.2342112591247236
10000,primary,20–64,40,50,2.8737998623491787,2.2576412796791607
10000,primary,20–64,50,60,2.8303479827168148,2.1614046134209772
10000,primary,20–64,60,70,2.845453305506125,2.2516670833287185
10000,primary,20–64,70,80,2.8873952688240423,2.274834595566453
10000,primary,20–64,80,90,2.8870210616326912,2.282844437328922
10000,primary,20–64,90,100,2.8623921580794383,2.2076989636598094
10000,primary,65–128,0,10,2.973711817148255,1.4748986110454652
10000,primary,65–128,10,20,2.9740110238502937,2.1790787377809906
10000,primary,65–128,20,30,2.9487426452520418,2.2192161202129017
10000,primary,65–128,30,40,2.911432343866767,2.216063233772844
10000,primary,65–128,40,50,2.8918326111283243,2.1724609763077782
10000,primary,65–128,50,60,2.89627653040537,2.203179295031261
10000,primary,65–128,60,70,2.915470604489489,2.237380443980135
10000,primary,65–128,70,80,2.8849415766756707,2.20260549407089
10000,primary,65–128,80,90,2.9073904595723965,2.1644272700422467
10000,primary,65–128,90,100,2.869268308034757,2.123316666880828
10000,primary,129–256,0,10,2.9586492256420414,1.4341460409687785
10000,primary,129–256,10,20,2.9039944890059926,1.7890592835609114
10000,primary,129–256,20,30,2.8860968441131885,1.8017749057530281
10000,primary,129–256,30,40,2.8865809536230236,1.8631882538936249
10000,primary,129–256,40,50,2.8684344879939845,1.773000131142686
10000,primary,129–256,50,60,2.8890871133827094,1.8868024579487943
10000,primary,129–256,60,70,2.8709064220521237,1.9123269979862927
10000,primary,129–256,70,80,2.8838663623100373,1.913113639349354
10000,primary,129–256,80,90,2.9111828699844278,1.926590848664151
10000,primary,129–256,90,100,2.852797180933242,1.8365248875270506
10000,primary,257–384,0,10,2.8946759008545166,0.9184243093930133
10000,primary,257–384,10,20,2.850900493106807,1.1407874659605686
10000,primary,257–384,20,30,2.8594758176133217,1.14932336733453
10000,primary,257–384,30,40,2.8720016087590965,1.2238768918417615
10000,primary,257–384,40,50,2.8688443843776263,1.2189607281489083
10000,primary,257–384,50,60,2.885538150162452,1.2232686541795494
10000,primary,257–384,60,70,2.8828886674493917,1.195972907155346
10000,primary,257–384,70,80,2.8796211099274878,1.1952451987790196
10000,primary,257–384,80,90,2.8767846977215235,1.1620555826403247
10000,primary,257–384,90,100,2.855629602096483,1.1371511421582459
10000,primary,385–500,0,10,2.8724976203843844,0.35672323132493977
10000,primary,385–500,10,20,2.8623475777782263,0.43139366069821605
10000,primary,385–500,20,30,2.8625785342638532,0.4602349959776575
10000,primary,385–500,30,40,2.8718371402955,0.4716271471522524
10000,primary,385–500,40,50,2.863981378690538,0.46421636835598257
10000,primary,385–500,50,60,2.8656249256180666,0.4638261689063352
10000,primary,385–500,60,70,2.8587983558113828,0.4457862182314294
10000,primary,385–500,70,80,2.8515910408607614,0.4209902072816476
10000,primary,385–500,80,90,2.8544406850064004,0.3766507946129156
10000,primary,385–500,90,100,2.835246835769243,0.3351289300966602
10000,independent,20–64,0,10,3.2071670254556146,1.4548945623200116
10000,independent,20–64,10,20,3.0771851462198465,2.254357410685655
10000,independent,20–64,20,30,2.964002096071476,2.2527135012905832
10000,independent,20–64,30,40,2.893287366137999,2.251078262414752
10000,independent,20–64,40,50,2.931603612896146,2.315445030226128
10000,independent,20–64,50,60,2.9031838341093645,2.234240464813527
10000,independent,20–64,60,70,2.9211227446067625,2.3273365224293565
10000,independent,20–64,70,80,2.8679584250989847,2.2553977518413952
10000,independent,20–64,80,90,2.8998009956101094,2.29562437130634
10000,independent,20–64,90,100,2.9208368077874183,2.26614361336779
10000,independent,65–128,0,10,2.962081789970398,1.463268583867608
10000,independent,65–128,10,20,2.97737210859749,2.1824398225281874
10000,independent,65–128,20,30,2.9412619812096037,2.2117354561704636
10000,independent,65–128,30,40,2.9340666446743944,2.2386975345804707
10000,independent,65–128,40,50,2.898580808453734,2.179209173633188
10000,independent,65–128,50,60,2.9321074119428308,2.239010176568722
10000,independent,65–128,60,70,2.918691639202397,2.240601478693043
10000,independent,65–128,70,80,2.90786675650899,2.2255306739042093
10000,independent,65–128,80,90,2.891825406725814,2.148862217195664
10000,independent,65–128,90,100,2.8396925298179068,2.0937408886639775
10000,independent,129–256,0,10,2.9776632633151077,1.4531600786418448
10000,independent,129–256,10,20,2.9066932923741504,1.7917580869290692
10000,independent,129–256,20,30,2.8836705300366368,1.7993485916764764
10000,independent,129–256,30,40,2.8892610037108746,1.8658683039814759
10000,independent,129–256,40,50,2.8892570733638068,1.7938227165125082
10000,independent,129–256,50,60,2.886122477714685,1.88383782228077
10000,independent,129–256,60,70,2.8843866034251886,1.9258071793593576
10000,independent,129–256,70,80,2.8917951740869663,1.921042451126283
10000,independent,129–256,80,90,2.8899717330932617,1.905379711772985
10000,independent,129–256,90,100,2.8544232961608142,1.8381510027546228
10000,independent,257–384,0,10,2.9122252656661503,0.9359736742046469
10000,independent,257–384,10,20,2.875042502046506,1.1649294749002672
10000,independent,257–384,20,30,2.8809567104050466,1.170804260126255
10000,independent,257–384,30,40,2.878267532455892,1.230142815538557
10000,independent,257–384,40,50,2.8889361372203872,1.2390524809916692
10000,independent,257–384,50,60,2.8854078377954533,1.2231383418125505
10000,independent,257–384,60,70,2.8922585828963,1.2053428226022544
10000,independent,257–384,70,80,2.8858782662156157,1.2015023550671475
10000,independent,257–384,80,90,2.865111336439921,1.1503822213587223
10000,independent,257–384,90,100,2.858996343496085,1.1405178835578478
10000,independent,385–500,0,10,2.861823563179352,0.3460491741199072
10000,independent,385–500,10,20,2.860847826400421,0.4298939093204108
10000,independent,385–500,20,30,2.8557219302013044,0.45337839191510865
10000,independent,385–500,30,40,2.8703503853534427,0.4701403922101952
10000,independent,385–500,40,50,2.871420789173005,0.47165577883844945
10000,independent,385–500,50,60,2.8664030090229438,0.4646042523112124
10000,independent,385–500,60,70,2.860704540331964,0.44769240275201083
10000,independent,385–500,70,80,2.8647113225279344,0.43411048894882054
10000,independent,385–500,80,90,2.8661948544471945,0.3884049640537097
10000,independent,385–500,90,100,2.840862676974905,0.3407447713023224
