timestep,predictor,target_mse_mean,target_mae_mean,target_correlation_mean,epsilon_mse_mean,epsilon_mae_mean,epsilon_correlation_mean,x0_reconstruction_mse_normalized_mean,x0_reconstruction_mae_normalized_mean,x0_reconstruction_mae_angstrom_mean,x0_reconstruction_rmse_angstrom_mean,negative_reconstructed_physical_fraction_mean,nonfinite_fraction_mean,snr_first,amplification_factor_first,valid_pair_count_sum,sample_count_sum,original_length_min,original_length_max,padded_length_min,padded_length_max,epsilon_prediction_min_min,epsilon_prediction_max_max,epsilon_prediction_mean_mean,epsilon_prediction_std_mean,true_epsilon_min_min,true_epsilon_max_max,x0_hat_min_min,x0_hat_max_max,x0_hat_mean_mean,x0_hat_std_mean,v_mse_mean,v_mae_mean,v_correlation_mean,epsilon_reconstruction_mse_mean,epsilon_reconstruction_mae_mean,epsilon_reconstruction_correlation_mean
0,model,0.16130965296179056,0.31202189857140183,0.9165674317628145,0.16129351989366114,0.3120062970556319,0.9165860321372747,1.6133642844806673e-05,0.0031204779297695495,0.1678037098608911,0.2151167718693614,0.0,0.0,9997.3408203125,0.01000132982421665,779185,32,37,448,40,448,-4.343596935272217,4.522948741912842,0.0049274590901404736,0.9019876401871443,-4.689265727996826,4.991457939147949,0.05248725786805153,2.0808053016662598,0.4318101732060313,0.19676543050445616,0.16130965296179056,0.31202189857140183,0.9165674317628145,0.16129351989366114,0.3120062970556319,0.9165860321372747
0,noisy_input,1.2269691228866577,0.884575629606843,0.055212010571267456,1.2268464341759682,0.8845313880592585,0.05717565873055719,0.0001227172617745964,0.008846489625284448,0.4757200013846159,0.5947746019810438,0.0,0.0,9997.3408203125,0.01000132982421665,779185,32,37,448,40,448,0.03229161351919174,2.09362530708313,0.4361350070685148,0.19900160934776068,-4.689265727996826,4.991457939147949,0.031652092933654785,2.052161931991577,0.42749752942472696,0.19506046012975276,1.2269691228866577,0.884575629606843,0.055212010571267456,1.2268464341759682,0.8845313880592585,0.05717565873055719
0,oracle,0.0,0.0,0.9999999757856131,2.5763360410259455e-15,2.29433602116913e-08,0.9999999795109034,6.099914527717448e-16,1.244478001205529e-08,6.692180516409962e-07,1.2948382028810101e-06,0.0,0.0,9997.3408203125,0.01000132982421665,779185,32,37,448,40,448,-4.689265727996826,4.991457939147949,-0.00033971356310757983,1.0006617959588766,-4.689265727996826,4.991457939147949,0.05249546840786934,2.0931646823883057,0.4318628665059805,0.19675604836083949,0.0,0.0,0.9999999757856131,2.5763360410259455e-15,2.29433602116913e-08,0.9999999795109034
0,zero,1.0013931188732386,0.798343988135457,,1.0012929681688547,0.7983040697872639,0.0571756582648959,0.00010015592965828546,0.007984102296177298,0.4293451141566038,0.5381533652544022,0.0,0.0,9997.3408203125,0.01000132982421665,779185,32,37,448,40,448,0.00031976104946807027,0.020731693133711815,0.004318736908317078,0.001970572349819122,-4.689265727996826,4.991457939147949,0.031971853226423264,2.0728936195373535,0.43181627430021763,0.19703103532083333,1.0013931188732386,0.798343988135457,,1.0012929681688547,0.7983040697872639,0.0571756582648959
1,model,0.11764440406113863,0.26555586885660887,0.9392606969922781,0.11762007349170744,0.26552840042859316,0.9392872415482998,2.4339186268207413e-05,0.0038196475943550467,0.20540155516937375,0.26412404607981443,0.0,0.0,4832.53955078125,0.014385080236204866,779185,32,37,448,40,448,-4.355446815490723,4.165294647216797,0.00500294410630886,0.9374974612146616,-4.817918300628662,4.565542697906494,0.051802340894937515,2.0942232608795166,0.4317807424813509,0.19675741228275,0.11764440406113863,0.26555586885660887,0.9392606969922781,0.11762007349170744,0.26552840042859316,0.9392872415482998
1,noisy_input,1.2152197510004044,0.8800846133381128,0.07701225287746638,1.2149683646857738,0.8799936082214117,0.07983797369524837,0.00025141437390630017,0.012658786843530834,0.680726271122694,0.8511785436421633,0.0,0.0,4832.53955078125,0.014385080236204866,779185,32,37,448,40,448,0.012248244136571884,2.128249406814575,0.43797431606799364,0.20012948475778103,-4.817918300628662,4.565542697906494,0.011900857090950012,2.067887544631958,0.4255524165928364,0.19445337681099772,1.2152197510004044,0.8800846133381128,0.07701225287746638,1.2149683646857738,0.8799936082214117,0.07983797369524837
1,oracle,0.0,0.0,0.9999999701976776,4.978032231885318e-15,4.1227078750871726e-08,0.9999999608844519,1.1852903037977767e-15,2.22741919353453e-08,1.1977946989816246e-06,1.7990315974714122e-06,0.0,0.0,4832.53955078125,0.014385080236204866,779185,32,37,448,40,448,-4.817918300628662,4.565542697906494,-0.0007043658733891789,0.9979442898184061,-4.817918300628662,4.565542697906494,0.05249546840786934,2.0931646823883057,0.43186283949762583,0.1967560371849686,0.0,0.0,0.9999999701976776,4.978032231885318e-15,4.1227078750871726e-08,0.9999999608844519
1,zero,0.9960449691861868,0.7958978060632944,,0.9958389680832624,0.7958154957741499,0.07983797311317176,0.00020606947009582655,0.011447869444964454,0.6156091820448637,0.7719052117317915,0.0,0.0,4832.53955078125,0.014385080236204866,779185,32,37,448,40,448,0.0001736933772917837,0.030180884525179863,0.006210950596141629,0.00283805303479312,-4.817918300628662,4.565542697906494,0.012074550613760948,2.0980684757232666,0.4317633677273989,0.19729143008589745,0.9960449691861868,0.7958978060632944,,0.9958389680832624,0.7958154957741499,0.07983797311317176
5,model,0.06675063539296389,0.19935396732762456,0.9661723077297211,0.0666953343898058,0.19927137065678835,0.9662292990833521,5.5295243100772495e-05,0.00573774277290795,0.30854712100699544,0.39730891212821007,0.0,0.0,1206.1676025390625,0.028793612908236756,779185,32,37,448,40,448,-4.886709690093994,4.369724273681641,0.0027501267702518817,0.965075334534049,-4.8378705978393555,4.505774021148682,0.05358155816793442,2.0888190269470215,0.4318418391048908,0.1967326735612005,0.06675063539296389,0.19935396732762456,0.9661723077297211,0.0666953343898058,0.19927137065678835,0.9662292990833521
5,noisy_input,1.1955599524080753,0.8729772791266441,0.1541823879815638,1.194569531828165,0.8726156186312437,0.15977855620440096,0.0009903835743898526,0.025125747139099985,1.3511370569467545,1.6895557381212711,8.204130949707178e-05,0.0,1206.1676025390625,0.028793612908236756,779185,32,37,448,40,448,-0.04959612339735031,2.1730237007141113,0.4439894938841462,0.20466473046690226,-4.8378705978393555,4.505774021148682,-0.04681995511054993,2.0513877868652344,0.4191369628533721,0.19320852123200893,1.1955599524080753,0.8729772791266441,0.1541823879815638,1.194569531828165,0.8726156186312437,0.15977855620440096
5,oracle,0.0,0.0,0.9999999720603228,5.327913497664582e-15,4.365373840187203e-08,0.9999999459832907,1.2640992567163029e-15,2.3518119618426425e-08,1.2646869347321399e-06,1.859963465022929e-06,0.0,0.0,1206.1676025390625,0.028793612908236756,779185,32,37,448,40,448,-4.8378705978393555,4.50577449798584,0.002019267874857178,1.0009806957095861,-4.8378705978393555,4.505774021148682,0.05249547213315964,2.0931649208068848,0.43186287581920624,0.19675605604425073,0.0,0.0,0.9999999720603228,5.327913497664582e-15,4.365373840187203e-08,0.9999999459832907
5,zero,1.0014274772256613,0.7984768059104681,,1.0005978420376778,0.7981459815055132,0.159778555855155,0.0008295678126160055,0.022981506655924022,1.2358305789530277,1.5487873926758766,8.204130949707178e-05,0.0,1206.1676025390625,0.028793612908236756,779185,32,37,448,40,448,-0.0013880835613235831,0.06081802770495415,0.012426264176610857,0.005728103991714306,-4.8378705978393555,4.505774021148682,-0.04820803925395012,2.112205743789673,0.4315632302314043,0.1989366253837943,1.0014274772256613,0.7984768059104681,,1.0005978420376778,0.7981459815055132,0.159778555855155
10,model,0.04680244630435482,0.16658374993130565,0.9764675330370665,0.04670689644990489,0.16641362174414098,0.9765623081475496,9.554805649258924e-05,0.007526781118940562,0.40475266333669424,0.5218479922041297,0.0,0.0,488.8314208984375,0.04522936007507622,779185,32,37,448,40,448,-4.931387901306152,4.461278915405273,0.0009171836692871693,0.977524658665061,-4.920474052429199,4.556006908416748,0.04523073509335518,2.086254119873047,0.431760567240417,0.19657226582057774,0.04680244630435482,0.16658374993130565,0.9764675330370665,0.04670689644990489,0.16641362174414098,0.9765623081475496
10,noisy_input,1.1720378398895264,0.8656027130782604,0.23279702162835747,1.1696450784802437,0.8647186737507582,0.24147944315336645,0.0023927362999529578,0.03911066614091396,2.1031761467456818,2.625250995159149,0.001210687792081444,0.0,488.8314208984375,0.04522936007507622,779185,32,37,448,40,448,-0.08789126574993134,2.2185306549072266,0.45041078608483076,0.21099918987601995,-4.920474052429199,4.556006908416748,-0.08028477430343628,2.026529312133789,0.41143026668578386,0.19273839914239943,1.1720378398895264,0.8656027130782604,0.23279702162835747,1.1696450784802437,0.8647186737507582,0.24147944315336645
10,oracle,0.0,0.0,0.9999999739229679,3.4654247961512424e-15,3.044166840826534e-08,0.9999999795109034,8.266114378453361e-16,1.659142875864994e-08,8.922040795056319e-07,1.506468457534993e-06,0.0,0.0,488.8314208984375,0.04522936007507622,779185,32,37,448,40,448,-4.920474529266357,4.556006908416748,-0.001344587687526655,0.9986323267221451,-4.920474052429199,4.556006908416748,0.05249547213315964,2.0931646823883057,0.43186287116259336,0.19675605185329914,0.0,0.0,0.9999999739229679,3.4654247961512424e-15,3.044166840826534e-08,0.9999999795109034
10,zero,0.996163995936513,0.7969755474478006,,0.9941302686929703,0.7961615901440382,0.2414794370997697,0.002033687225775793,0.0360098792007193,1.9364312887191772,2.4250099137425423,0.001210687792081444,0.0,488.8314208984375,0.04522936007507622,779185,32,37,448,40,448,-0.00380324712023139,0.09600066393613815,0.019490258709993213,0.009130395992542617,-4.920474052429199,4.556006908416748,-0.08408802002668381,2.122529983520508,0.43092052452266216,0.20186879439279437,0.996163995936513,0.7969755474478006,,0.9941302686929703,0.7961615901440382,0.2414794370997697
25,model,0.026857750402996317,0.12579622259363532,0.9864355139434338,0.026627439918229356,0.12525569810532033,0.9866649117320776,0.00023031059890854522,0.011649029824184254,0.6264265784993768,0.8070207424461842,0.0,0.0,115.61534118652344,0.09300199530555801,779185,32,37,448,40,448,-4.900113582611084,4.833682060241699,1.0540673429204617e-05,0.9866810515522957,-5.011958599090576,4.985837936401367,0.01813676953315735,2.0836260318756104,0.4321439955383539,0.19639941840432584,0.026857750402996317,0.12579622259363532,0.9864355139434338,0.026627439918229356,0.12525569810532033,0.9866649117320776
25,noisy_input,1.093084804713726,0.8356600608676672,0.43712065927684307,1.083711415529251,0.8320693895220757,0.4537167511880398,0.009373422391945496,0.07738411403261125,4.161330811679363,5.1929062604904175,0.011873115508933552,0.0,115.61534118652344,0.09300199530555801,779185,32,37,448,40,448,-0.31162238121032715,2.3768951892852783,0.4682849505916238,0.23761062370613217,-5.011958599090576,4.985837936401367,-0.25859135389328003,1.9724018573760986,0.3885935377329588,0.19717471906915307,1.093084804713726,0.8356600608676672,0.43712065927684307,1.083711415529251,0.8320693895220757,0.4537167511880398
25,oracle,0.0,0.0,0.9999999739229679,2.742542645881197e-15,2.4808146037447187e-08,0.9999999832361937,6.994084386993501e-16,1.4407740028810068e-08,7.747762289511684e-07,1.3880831559731632e-06,0.0,0.0,115.61534118652344,0.09300199530555801,779185,32,37,448,40,448,-5.011958599090576,4.985837459564209,0.0030335156306477984,0.9971884489059448,-5.011958599090576,4.985837936401367,0.05249546468257904,2.0931646823883057,0.43186285998672247,0.19675604603253305,0.0,0.0,0.9999999739229679,2.742542645881197e-15,2.4808146037447187e-08,0.9999999832361937
25,zero,0.9879257287830114,0.7930032294243574,,0.9794540721923113,0.7895958367735147,0.45371675258502364,0.008471661305520684,0.07343398570083082,3.948912687599659,4.949331566691399,0.011873115508933552,0.0,115.61534118652344,0.09300199530555801,779185,32,37,448,40,448,-0.026515508070588112,0.20224665105342865,0.03984570497414097,0.02021795211476274,-5.011958599090576,4.985837936401367,-0.2851068675518036,2.1746485233306885,0.42843924928456545,0.21739267045632005,0.9879257287830114,0.7930032294243574,,0.9794540721923113,0.7895958367735147,0.45371675258502364
50,model,0.017448177706683055,0.10085318377241492,0.9910613279789686,0.0169429067755118,0.09938218235038221,0.9915665220469236,0.0005052709570918523,0.01716234945342876,0.922905383631587,1.196807075291872,0.0,0.0,33.532318115234375,0.17269040608128125,779185,32,37,448,40,448,-4.907332420349121,4.9806227684021,0.0005167133958821069,0.9900880977511406,-4.815293312072754,5.105050563812256,0.029888182878494263,2.0814173221588135,0.43206798005849123,0.1959238846320659,0.017448177706683055,0.10085318377241492,0.9910613279789686,0.0169429067755118,0.09938218235038221,0.9915665220469236
50,noisy_input,0.9787947665899992,0.7913676276803017,0.6501310686580837,0.9504504296928644,0.7798250578343868,0.6762297097593546,0.028344309655949473,0.13466830318793654,7.241788282990456,9.019905239343643,0.046232910186517984,0.0,33.532318115234375,0.17269040608128125,779185,32,37,448,40,448,-0.7263067364692688,3.0294833183288574,0.4921108968555927,0.30204844241961837,-4.815293312072754,5.105050563812256,-0.5123948454856873,2.137239933013916,0.3471743846312165,0.21308912755921483,0.9787947665899992,0.7913676276803017,0.6501310686580837,0.9504504296928644,0.7798250578343868,0.6762297097593546
50,oracle,0.0,0.0,0.9999999944120646,2.534994493687721e-15,2.342228327956164e-08,0.9999999776482582,7.27596282359487e-16,1.502807747688628e-08,8.081348692456913e-07,1.4219936410597711e-06,0.0,0.0,33.532318115234375,0.17269040608128125,779185,32,37,448,40,448,-4.815293312072754,5.105050563812256,0.0017044909127434948,0.996911546215415,-4.815293312072754,5.105050563812256,0.05249546840786934,2.0931649208068848,0.4318628692999482,0.19675604975782335,0.0,0.0,0.9999999944120646,2.534994493687721e-15,2.342228327956164e-08,0.9999999776482582
50,zero,0.9717755690217018,0.7857886664569378,,0.9436345044523478,0.7743274979293346,0.6762296790257096,0.028141046001110226,0.13371893111616373,7.190735548734665,9.020310938358307,0.046232910186517984,0.0,33.532318115234375,0.17269040608128125,779185,32,37,448,40,448,-0.10695594549179077,0.44612178206443787,0.07246825634501874,0.04447965754661709,-4.815293312072754,5.105050563812256,-0.619350790977478,2.5833616256713867,0.41964263934642076,0.2575687854550779,0.9717755690217018,0.7857886664569378,,0.9436345044523478,0.7743274979293346,0.6762296790257096
100,model,0.011415332541218959,0.08253358525689691,0.9938062764704227,0.010237322872853838,0.07815911353100091,0.9949932303279638,0.0011780102067859843,0.02651312731904909,1.4257434755563736,1.8355094902217388,6.032236967712379e-06,0.0,8.690351486206055,0.33921990130593016,779185,32,37,448,40,448,-5.026258945465088,4.825437545776367,0.0008418985471507767,0.9953917786478996,-5.131877422332764,5.018362045288086,-0.04732838273048401,2.0571203231811523,0.43274337612092495,0.19297384028322995,0.011415332541218959,0.08253358525689691,0.9938062764704227,0.010237322872853838,0.07815911353100091,0.9949932303279638
100,noisy_input,0.779690383002162,0.7105696313083172,0.8278799019753933,0.6992299128323793,0.6729077734053135,0.8646160066127777,0.08046048833057284,0.22826371947303414,12.274882018566132,15.123195379972458,0.14080018200911582,0.0,8.690351486206055,0.33921990130593016,779185,32,37,448,40,448,-1.4597642421722412,3.372830390930176,0.5200758185237646,0.4760877154767513,-5.131877422332764,5.018362045288086,-0.7202575206756592,1.6641770601272583,0.25660890294238925,0.2349048750475049,0.779690383002162,0.7105696313083172,0.8278799019753933,0.6992299128323793,0.6729077734053135,0.8646160066127777
100,oracle,0.0,0.0,0.9999999850988388,3.610254565818841e-15,3.269598458643941e-08,0.9999999720603228,1.2329489335211176e-15,2.246348634882267e-08,1.207974008821111e-06,1.8601856730526833e-06,0.0,0.0,8.690351486206055,0.33921990130593016,779185,32,37,448,40,448,-5.1318769454956055,5.018362045288086,0.0034376774692645995,1.0018584951758385,-5.131877422332764,5.018362045288086,0.052495479583740234,2.0931644439697266,0.4318628441542387,0.19675604277290404,0.0,0.0,0.9999999850988388,3.610254565818841e-15,3.269598458643941e-08,0.9999999720603228
100,zero,0.9251338820904493,0.7675757259130478,,0.8296643253415823,0.7268924321979284,0.8646160252392292,0.09546959213912487,0.24657637672498822,13.259645104408264,16.61412739753723,0.14080018200911582,0.0,8.690351486206055,0.33921990130593016,779185,32,37,448,40,448,-0.3697533905506134,0.854326605796814,0.13173346081748605,0.12059142114594579,-5.131877422332764,5.018362045288086,-1.0900108814239502,2.5185036659240723,0.38834235817193985,0.35549629386514425,0.9251338820904493,0.7675757259130478,,0.8296643253415823,0.7268924321979284,0.8646160252392292
200,model,0.008256320106738713,0.0696948611875996,0.9938378408551216,0.005321103868482169,0.055951068294234574,0.9973925910890102,0.0029352159108384512,0.0415554060600698,2.2346420362591743,2.880357787013054,3.091919612074889e-05,0.0,1.8128491640090942,0.7427098290597577,779185,32,37,448,40,448,-4.597007751464844,4.867055892944336,0.0008989711968787617,0.9965416174381971,-4.595210075378418,4.972428321838379,-0.30593448877334595,2.0099058151245117,0.4327683560550213,0.18741614650934935,0.008256320106738713,0.0696948611875996,0.9938378408551216,0.005321103868482169,0.055951068294234574,0.9973925910890102
200,noisy_input,0.5131214112043381,0.610821501351893,0.9118944797664881,0.33070088643580675,0.49036779534071684,0.9635396432131529,0.18242050940170884,0.3642009571194649,19.584906965494156,22.38201105594635,0.2892727870494127,0.0,1.8128491640090942,0.7427098290597577,779185,32,37,448,40,448,-3.426766872406006,5.5350799560546875,0.486816531047225,0.8633697107434273,-4.595210075378418,4.972428321838379,-0.5059210062026978,0.817188024520874,0.07187261828221381,0.12746617454104125,0.5131214112043381,0.610821501351893,0.9118944797664881,0.33070088643580675,0.49036779534071684,0.9635396432131529
200,oracle,0.0,0.0,0.9999999813735485,3.3456240890688445e-15,3.181957242137656e-08,0.999999986961484,1.6329510843182187e-15,2.648711144859206e-08,1.4243444610428924e-06,2.1572405728420563e-06,0.0,0.0,1.8128491640090942,0.7427098290597577,779185,32,37,448,40,448,-4.595210075378418,4.972428321838379,0.002118132885925661,0.9971910007297993,-4.595210075378418,4.972428321838379,0.05249546468257904,2.0931646823883057,0.43186287209391594,0.19675605231896043,0.0,0.0,0.9999999813735485,3.3456240890688445e-15,3.181957242137656e-08,0.999999986961484
200,zero,0.7266462035477161,0.6808016747236252,,0.4683151673525572,0.5465478710830212,0.9635397158563137,0.2583310240879655,0.40592648182064295,21.828697383403778,27.31126880645752,0.2892727870494127,0.0,1.8128491640090942,0.7427098290597577,779185,32,37,448,40,448,-1.4604228734970093,2.358945846557617,0.20747195975854993,0.367951768450439,-4.595210075378418,4.972428321838379,-1.966343879699707,3.176133871078491,0.27934457594528794,0.4954179376363754,0.7266462035477161,0.6808016747236252,,0.4683151673525572,0.5465478710830212,0.9635397158563137
300,model,0.009512892283964902,0.07427897106390446,0.987322622910142,0.0032139647992153186,0.04317478131270036,0.9984375406056643,0.006298927408352029,0.060442566056735814,3.2502991035580635,4.213388331234455,1.4915609654053696e-06,0.0,0.5102399587631226,1.399950739722585,779185,32,37,448,40,448,-4.69510555267334,4.651255130767822,-0.0008273295167100514,0.997111713513732,-4.6879353523254395,4.605041980743408,-0.23153367638587952,2.013256072998047,0.4274026798084378,0.17548573622480035,0.009512892283964902,0.07427897106390446,0.987322622910142,0.0032139647992153186,0.04317478131270036,0.9984375406056643
300,noisy_input,0.5200607581064105,0.6120366249233484,0.9101021252572536,0.17570439726114273,0.35574735328555107,0.988933190703392,0.3443563701584935,0.4980287542566657,26.78149700164795,30.790143847465515,0.6175991054624319,0.0,0.5102399587631226,1.399950739722585,779185,32,37,448,40,448,-4.842679977416992,5.963913917541504,0.345612620934844,1.143919076770544,-4.6879353523254395,4.605041980743408,-0.9938836097717285,0.807030439376831,-0.05759619118180126,0.19063361128792167,0.5200607581064105,0.6120366249233484,0.9101021252572536,0.17570439726114273,0.35574735328555107,0.988933190703392
300,oracle,0.0,0.0,0.9999999850988388,2.0541159628732194e-15,2.1760178992025203e-08,0.9999999776482582,1.339238558504858e-15,2.2574874636305253e-08,1.213963901847137e-06,1.9601109428890595e-06,0.0,0.0,0.5102399587631226,1.399950739722585,779185,32,37,448,40,448,-4.6879353523254395,4.605041980743408,-0.004013293550116259,0.9969712030142546,-4.6879353523254395,4.605041980743408,0.052495360374450684,2.0931646823883057,0.43186286464333534,0.196756049990654,0.0,0.0,0.9999999850988388,2.0541159628732194e-15,2.1760178992025203e-08,0.9999999776482582
300,zero,0.49733297526836395,0.5647856518626213,,0.1680257203988731,0.32828263379633427,0.988933140411973,0.3293072497472167,0.4595795292407274,24.713889837265015,30.73766338825226,0.3824008982628584,0.0,0.5102399587631226,1.399950739722585,779185,32,37,448,40,448,-2.824855089187622,3.478898763656616,0.20160440495237708,0.6672763470560312,-4.6879353523254395,4.605041980743408,-2.017824649810791,2.4850151538848877,0.14400821295566857,0.476642731577158,0.49733297526836395,0.5647856518626213,,0.1680257203988731,0.32828263379633427,0.988933140411973
400,model,0.016289743172819726,0.09683519252575934,0.9387723263353109,0.0015024470631033182,0.02940869115991518,0.9992894735187292,0.014787297259317711,0.09226149856112897,4.961362212896347,6.42111648619175,3.844734237645753e-06,0.0,0.10160388797521591,3.1372189806050357,779185,32,37,448,40,448,-4.633577346801758,4.818878173828125,0.0024562111289014865,0.9984701257199049,-4.598714828491211,4.841679573059082,-0.05213412642478943,1.7941488027572632,0.42442777194082737,0.14666270464658737,0.016289743172819726,0.09683519252575934,0.9387723263353109,0.0015024470631033182,0.02940869115991518,0.9992894735187292
400,noisy_input,0.7982502095401287,0.7181918546557426,0.8172456650063396,0.07362474862020463,0.21811365708708763,0.9977558739483356,0.7246254235506058,0.6842703837901354,36.79664069414139,45.42785906791687,0.5530793629586697,0.0,0.10160388797521591,3.1372189806050357,779185,32,37,448,40,448,-5.376590251922607,5.9589524269104,0.16489644325338304,1.198524221777916,-4.598714828491211,4.841679573059082,-3.078296184539795,2.7774577140808105,-0.08518277655821294,0.6191377844661474,0.7982502095401287,0.7181918546557426,0.8172456650063396,0.07362474862020463,0.21811365708708763,0.9977558739483356
400,oracle,0.0,0.0,0.9999999813735485,4.937860847328836e-15,4.20890019503517e-08,0.9999999701976776,1.516563724798631e-15,2.6387002305394702e-08,1.4189611015069659e-06,2.0561614704206477e-06,0.0,0.0,0.10160388797521591,3.1372189806050357,779185,32,37,448,40,448,-4.598714828491211,4.841679573059082,8.625726695754565e-05,0.9993083570152521,-4.598714828491211,4.841679573059082,0.052495479583740234,2.0931644439697266,0.431862841360271,0.1967560371849686,0.0,0.0,0.9999999813735485,4.937860847328836e-15,4.20890019503517e-08,0.9999999701976776
400,zero,0.31111711636185646,0.45631252694875,,0.028695178276393563,0.138581387931481,0.9977558180689812,0.28242194652557373,0.43476008996367455,23.3792245388031,28.12654608488083,0.4469206389039755,0.0,0.10160388797521591,3.1372189806050357,779185,32,37,448,40,448,-4.077023983001709,4.518624305725098,0.12503960775211453,0.9088310096412897,-4.598714828491211,4.841679573059082,-1.299566388130188,1.4403281211853027,0.039856834220699966,0.28969321865588427,0.31111711636185646,0.45631252694875,,0.028695178276393563,0.138581387931481,0.9977558180689812
450,model,0.023050450879964046,0.1153348945081234,0.8061752282083035,0.0005334985421541205,0.0175463838968426,0.9997586980462074,0.02251695390441455,0.11399237927980721,6.129940360784531,7.952086016535759,0.0,0.0,0.02369319461286068,6.4966309866960374,779185,32,37,448,40,448,-4.526899337768555,4.47852897644043,-0.005798168851924856,1.002539735287428,-4.531067371368408,4.472226142883301,0.03167032450437546,1.7823116779327393,0.43370400089770555,0.13644973002374172,0.023050450879964046,0.1153348945081234,0.8061752282083035,0.0005334985421541205,0.0175463838968426,0.9997586980462074
450,noisy_input,1.01155274361372,0.8051327336579561,0.6125576058402658,0.02341218589572236,0.12248818832449615,0.9994755331426859,0.9881404917687178,0.7957608699798584,42.792041063308716,53.27399754524231,0.5243986807763577,0.0,0.02369319461286068,6.4966309866960374,779185,32,37,448,40,448,-5.0477142333984375,5.160311698913574,0.06871538468112703,1.1307990737259388,-4.531067371368408,4.472226142883301,-3.7836103439331055,3.701051950454712,-0.050383046735078096,0.8291171323508024,1.01155274361372,0.8051327336579561,0.6125576058402658,0.02341218589572236,0.12248818832449615,0.9994755331426859
450,oracle,0.0,0.0,0.9999999776482582,7.512219430382412e-15,5.7073260895101896e-08,0.9999999701976776,1.8987667454498815e-15,3.1586748105993934e-08,1.6985774706768098e-06,2.2829230346133045e-06,0.0,0.0,0.02369319461286068,6.4966309866960374,779185,32,37,448,40,448,-4.53106689453125,4.472225666046143,-0.005514763661267352,1.0026607811450958,-4.531067371368408,4.472226142883301,0.05249547213315964,2.0931644439697266,0.4318628292530775,0.1967560318298638,0.0,0.0,0.9999999776482582,7.512219430382412e-15,5.7073260895101896e-08,0.9999999701976776
450,zero,0.25884648226201534,0.4335164250805974,,0.0059909577466896735,0.06595268822275102,0.9994755480438471,0.25285553093999624,0.4284702390432358,23.040988087654114,26.367408454418182,0.4756013164296746,0.0,0.02369319461286068,6.4966309866960374,779185,32,37,448,40,448,-4.374382972717285,4.47196102142334,0.05954921603552066,0.9799581076949835,-4.531067371368408,4.472226142883301,-0.6733310222625732,0.6883507966995239,0.009166168718365952,0.15084096882492304,0.25884648226201534,0.4335164250805974,,0.0059909577466896735,0.06595268822275102,0.9994755480438471
475,model,0.03121787030249834,0.1329309269785881,0.6493287002667785,0.00017436370103496301,0.009934646950569004,0.9999266397207975,0.031043506489368156,0.13255917211063206,7.128369703888893,9.214588835835457,4.46406593255233e-05,0.0,0.005616753362119198,13.343117753895973,779185,32,37,448,40,448,-4.8827409744262695,4.915927886962891,-0.002204967699071858,1.0024361405521631,-4.88249397277832,4.924368381500244,-0.03418770432472229,1.889028549194336,0.45778408739715815,0.14357506204396486,0.03121787030249834,0.1329309269785881,0.6493287002667785,0.00017436370103496301,0.009934646950569004,0.9999266397207975
475,noisy_input,1.1327649615705013,0.8502158839255571,0.36545133241452277,0.0063269274978665635,0.06354124855715781,0.9998754747211933,1.1264380645006895,0.8478381615132093,45.592498421669006,56.95081877708435,0.513347402215004,0.0,0.005616753362119198,13.343117753895973,779185,32,37,448,40,448,-5.213454246520996,5.285327911376953,0.03431691968580708,1.0719627887010574,-4.88249397277832,4.924368381500244,-4.548343658447266,4.486492156982422,-0.029531778738601133,0.9224886279553175,1.1327649615705013,0.8502158839255571,0.36545133241452277,0.0063269274978665635,0.06354124855715781,0.9998754747211933
475,oracle,0.0,0.0,0.9999999795109034,3.054582231668397e-15,2.713687297095646e-08,0.9999999832361937,7.518441357218583e-16,1.530666998705854e-08,8.231161903182738e-07,1.4378705728290697e-06,0.0,0.0,0.005616753362119198,13.343117753895973,779185,32,37,448,40,448,-4.88249397277832,4.924368858337402,-0.00026230341109112487,1.002652708441019,-4.88249397277832,4.924368381500244,0.05249546468257904,2.0931649208068848,0.4318628692999482,0.19675605092197657,0.0,0.0,0.9999999795109034,3.054582231668397e-15,2.713687297095646e-08,0.9999999832361937
475,zero,0.24464823631569743,0.4311873260885477,,0.0013664535435964353,0.03222496167290956,0.9998755007982254,0.24328178027644753,0.42998146265745163,23.122253596782684,25.769374072551727,0.486652591265738,0.0,0.005616753362119198,13.343117753895973,779185,32,37,448,40,448,-4.849973201751709,4.916835784912109,0.03192434966331348,0.9972257073968649,-4.88249397277832,4.924368381500244,-0.36348122358322144,0.3684922456741333,0.002392570459505805,0.07473708223551512,0.24464823631569743,0.4311873260885477,,0.0013664535435964353,0.03222496167290956,0.9998755007982254
490,model,0.03942193073453382,0.14250910305418074,0.5445715226233006,3.1013411927460766e-05,0.003997131556388922,0.9999874867498875,0.039390919147990644,0.1424530374351889,7.660412177443504,9.87021890282631,0.0,0.0,0.0007873238646425307,35.63881795817209,779185,32,37,448,40,448,-4.689004421234131,4.871678352355957,-0.0018634814441611525,0.9963561352342367,-4.688186168670654,4.874438285827637,0.045711200684309006,0.9968685507774353,0.44326744694262743,0.11766119115054607,0.03942193073453382,0.14250910305418074,0.5445715226233006,3.1013411927460766e-05,0.003997131556388922,0.9999874867498875
490,noisy_input,1.1895306669175625,0.8718535099178553,0.14867187815252692,0.0009358068691653898,0.024453938647639006,0.9999823477119207,1.188594825565815,0.8715105019509792,46.86547899246216,58.527705788612366,0.5052931047976017,0.0,0.0007873238646425307,35.63881795817209,779185,32,37,448,40,448,-4.801863670349121,5.019233703613281,0.01086244426551275,1.0235075987875462,-4.688186168670654,4.874438285827637,-4.745248794555664,4.5397443771362305,-0.010269496953696944,0.9676374774426222,1.1895306669175625,0.8718535099178553,0.14867187815252692,0.0009358068691653898,0.024453938647639006,0.9999823477119207
490,oracle,0.0,0.0,0.9999999739229679,4.229992303109314e-15,3.6369647293810203e-08,0.9999999739229679,1.023424344096148e-15,1.980070038487547e-08,1.064782690463062e-06,1.6726505869257835e-06,0.0,0.0,0.0007873238646425307,35.63881795817209,779185,32,37,448,40,448,-4.688185691833496,4.8744378089904785,-0.0015434756414833828,0.9963459949940443,-4.688186168670654,4.874438285827637,0.05249547213315964,2.0931646823883057,0.4318628432229161,0.19675603858195245,0.0,0.0,0.9999999739229679,4.229992303109314e-15,3.6369647293810203e-08,0.9999999739229679
490,zero,0.24107617465779185,0.4317377293482423,,0.00018965576896334824,0.012109488598071039,0.9999823365360498,0.24088652478531003,0.43156787287443876,23.20756357908249,25.613908052444458,0.49470688961446285,0.0,0.0007873238646425307,35.63881795817209,779185,32,37,448,40,448,-4.670804023742676,4.882241249084473,0.010565970675088465,0.9955725409090519,-4.688186168670654,4.874438285827637,-0.131059467792511,0.13699223101139069,0.0002964736744388574,0.027935061254538596,0.24107617465779185,0.4317377293482423,,0.00018965576896334824,0.012109488598071039,0.9999823365360498
499,model,0.04137998353689909,0.14799702866002917,0.5181756736710668,4.020957411433532e-11,4.613330041536301e-06,0.9999999552965164,0.041379983304068446,0.14799702912569046,7.958540439605713,10.210938319563866,0.0,0.0,9.716529802972218e-10,32080.742122219108,779185,32,37,448,40,448,-4.638667583465576,5.184720993041992,-0.0001778583732630068,0.9985908139497042,-4.638660907745361,5.184716701507568,0.04327486827969551,0.8506104946136475,0.4557305574417114,0.12325125583447516,0.04137998353689909,0.14799702866002917,0.5181756736710668,4.020957411433532e-11,4.613330041536301e-06,0.9999999552965164
499,noisy_input,1.2385603971779346,0.8900474868714809,-0.002623919646794093,1.203530268500952e-09,2.774488223167282e-05,0.9999999534338713,1.2385603971779346,0.8900474943220615,47.862305760383606,59.75620913505554,0.5001253755763173,0.0,9.716529802972218e-10,32080.742122219108,779185,32,37,448,40,448,-4.638792514801025,5.184904098510742,-0.00016365804208362533,0.9986218754202127,-4.638660907745361,5.184716701507568,-5.1845808029174805,4.638503551483154,0.00016364834323212563,0.9985596220940351,1.2385603971779346,0.8900474868714809,-0.002623919646794093,1.203530268500952e-09,2.774488223167282e-05,0.9999999534338713
499,oracle,0.0,0.0,0.9999999701976776,8.49665967575609e-17,8.055338869897288e-10,0.999999986961484,2.0865539599891224e-17,4.3600099138702e-10,2.3445953567513556e-08,2.385477575472805e-07,0.0,0.0,9.716529802972218e-10,32080.742122219108,779185,32,37,448,40,448,-4.638660907745361,5.184716701507568,-0.00017711477585180546,0.9985907264053822,-4.638660907745361,5.184716701507568,0.05249546840786934,2.0931646823883057,0.4318628665059805,0.19675604836083949,0.0,0.0,0.9999999701976776,8.49665967575609e-17,8.055338869897288e-10,0.999999986961484
499,zero,0.24043300631456077,0.43186286371201277,,2.336195093714105e-10,1.3461764496014439e-05,0.9999999534338713,0.24043300631456077,0.43186286371201277,23.223426401615143,25.585497558116913,0.49987462256103754,0.0,9.716529802972218e-10,32080.742122219108,779185,32,37,448,40,448,-4.63864803314209,5.184742450714111,-0.00016365253213734832,0.9985907431691885,-4.638660907745361,5.184716701507568,-0.00014459290832746774,0.00016161541861947626,-5.101299146992311e-09,3.112741984523382e-05,0.24043300631456077,0.43186286371201277,,2.336195093714105e-10,1.3461764496014439e-05,0.9999999534338713
